UnitID,Institution Name,Grand total (EF2019  All students  Undergraduate  Degree/certificate-seeking  First-time),Grand total (EF2018_RV  All students  Undergraduate  Degree/certificate-seeking  First-time),Grand total (EF2017_RV  All students  Undergraduate  Degree/certificate-seeking  First-time),Grand total (EF2016_RV  All students  Undergraduate  Degree/certificate-seeking  First-time),Grand total (EF2015_RV  All students  Undergraduate  Degree/certificate-seeking  First-time),Grand total (EF2014_RV  All students  Undergraduate  Degree/certificate-seeking  First-time),Grand total (EF2013_RV  All students  Undergraduate  Degree/certificate-seeking  First-time),Grand total (EF2012_RV  All students  Undergraduate  Degree/certificate-seeking  First-time),
177834,A T Still University of Health Sciences,,,,,,,,,
222178,Abilene Christian University,932,924,972,1047,1072,974,1030,957,
451079,Academy for Five Element Acupuncture,,,,,,,,,
457271,Academy for Jewish Religion-California,,,,,,,,,
108269,Academy of Chinese Culture and Health Sciences,,,,,,,,,
210508,Academy of Vocal Arts,,,,,,,,,
384306,Acupuncture and Integrative Medicine College-Berkeley,,,,,,,,,
188429,Adelphi University,1132,1245,1131,1226,868,975,918,999,
374024,Adler Graduate School,,,,,,,,,
142832,Adler University,,,,,,,,,
168528,Adrian College,541,634,529,490,502,485,467,593,
133872,AdventHealth University,64,94,107,92,81,88,59,96,
138600,Agnes Scott College,299,324,251,272,272,225,252,232,
483975,Alabama College of Osteopathic Medicine,,,,,,,,,
188526,Albany College of Pharmacy and Health Sciences,185,191,186,154,188,213,243,247,
188535,Albany Law School,,,,,,,,,
188580,Albany Medical College,,,,,,,,,
128498,Albertus Magnus College,246,169,115,132,145,159,143,125,
168546,Albion College,415,428,515,402,455,357,346,360,
132842,Albizu University-Miami,5,6,17,8,8,12,10,11,
210571,Albright College,370,575,464,596,493,540,655,410,
237118,Alderson Broaddus University,271,256,309,260,333,346,438,394,
188641,Alfred University,458,437,418,417,452,489,535,536,
156189,Alice Lloyd College,199,209,224,156,213,229,189,200,
210669,Allegheny College,500,474,484,553,492,476,604,587,
200873,Allegheny Wesleyan College,15,13,16,19,12,24,15,11,
152798,Allen College,,,,,,,1,1,
217624,Allen University,241,271,189,138,176,189,180,125,
168591,Alma College,387,404,408,447,336,356,378,435,
210775,Alvernia University,399,435,371,345,401,376,389,412,
238193,Alverno College,171,187,197,168,231,198,208,199,
222628,Amberton University,,,,,,,,,
490081,America Evangelical University,2,21,2,,,,,,
142887,American Academy of Art,42,61,56,74,75,94,100,114,
219505,American Baptist College,23,19,8,20,14,14,10,9,
210809,American College of Financial Services,,,,,,,,,
109086,American Conservatory Theater,,,,,1,,,,
108870,American Film Institute Conservatory,,,,,,,,,
164447,American International College,379,346,373,322,341,309,346,308,
142957,American Islamic College,,1,,3,4,,,,
116846,American Jewish University,,6,10,4,10,12,7,12,
188854,American Musical and Dramatic Academy,533,545,563,598,531,606,462,503,
131159,American University,1754,1758,1785,1683,1787,1787,1626,1597,
164465,Amherst College,470,492,471,471,477,469,466,463,
151865,Anabaptist Mennonite Biblical Seminary,,,,,,,,,
150066,Anderson University,330,396,347,425,426,441,442,519,
217633,Anderson University,639,643,681,670,666,648,505,542,
138761,Andrew College,106,131,115,152,161,153,184,174,
168740,Andrews University,283,296,280,304,271,273,321,388,
164492,Anna Maria College,269,318,272,218,235,170,243,247,
483018,Antioch College,21,34,19,31,56,59,91,,
458113,Antioch College AG,1,5,2,11,5,11,5,8,
245838,Antioch University-Los Angeles,,,,,,,,,
245892,Antioch University-Midwest,,,,,,,,,
245865,Antioch University-New England,,,,,,,,,
442392,Antioch University-PhD Program in Leadership and Change,,,,,,,,,
245847,Antioch University-Santa Barbara,,,,,,,,,
245883,Antioch University-Seattle,,,,,,,20,26,
440138,Antioch University-System Administration,,,,,,,,,
237136,Appalachian Bible College,40,38,41,41,43,35,61,73,
449922,Appalachian College of Pharmacy,,,,,,,,,
432348,Appalachian School of Law,,,,,,,,,
168786,Aquinas College,262,333,314,299,370,354,391,452,
176600,Aquinas Institute of Theology,,,,,,,,,
211088,Arcadia University,530,474,569,606,602,674,597,680,
105899,Arizona Christian University,222,158,153,129,121,154,90,96,
106306,Arkansas Baptist College,225,190,179,266,401,297,237,282,
488527,Arkansas Colleges of Health Education,,,,,,,,,
222877,Arlington Baptist University,38,39,21,25,34,40,44,57,
201061,Art Academy of Cincinnati,76,63,30,55,58,53,55,38,
109651,Art Center College of Design,267,241,223,211,181,174,164,159,
156222,Asbury Theological Seminary,,,,,,,,,
156213,Asbury University,292,279,323,306,314,306,322,322,
201104,Ashland University,613,602,615,623,587,604,623,566,
188942,Associated Beth Rivkah Schools,68,63,54,48,54,39,26,45,
164562,Assumption University,563,553,492,578,570,571,502,559,
201140,Athenaeum of Ohio,7,1,2,6,18,7,27,19,
439446,Atlantic Institute of Oriental Medicine,,,,,,,,,
173045,Augsburg University,636,418,436,477,478,393,466,382,
143084,Augustana College,678,630,735,698,678,726,627,656,
219000,Augustana University,432,456,481,424,367,396,367,407,
201177,Aultman College of Nursing and Health Sciences,30,34,36,24,13,6,5,4,
143118,Aurora University,814,762,801,654,625,660,701,523,
222983,Austin College,378,435,332,345,355,357,364,308,
247825,Austin Graduate School of Theology,,,,,,,,,
223001,Austin Presbyterian Theological Seminary,,,,,,,,,
442295,Ave Maria School of Law,,,,,,,,,
446048,Ave Maria University,310,331,283,267,303,304,254,260,
231420,Averett University,229,291,280,236,265,213,237,257,
449931,Averett University-Non-Traditional Programs,9,5,8,4,7,14,32,5,
176628,Avila University,153,168,183,203,202,204,182,210,
109785,Azusa Pacific University,692,1005,1005,1139,1202,1046,1225,1250,
164580,Babson College,600,539,550,588,528,506,489,470,
206817,Bacone College,83,40,336,414,175,215,243,284,
128586,Bais Binyomin Academy,17,12,7,14,16,10,15,15,
476601,Bais HaMedrash and Mesivta of Baltimore,24,22,25,20,22,24,24,17,
245777,Bais Medrash Elyon,14,4,,,,,,1,
490513,Bais Medrash Mayan Hatorah,9,19,21,,,,,,
449658,Bais Medrash Toras Chesed,27,24,28,26,28,26,29,28,
168847,Baker College,690,745,814,2276,3265,657,847,845,
154688,Baker University,245,247,258,246,186,224,235,202,
420705,Bakke Graduate University,,,,,,,,,
201195,Baldwin Wallace University,665,677,685,706,768,717,765,712,
189015,Bank Street College of Education,,,,,,,,,
176664,Baptist Bible College,44,36,35,84,89,80,56,53,
219639,Baptist Health Sciences University,94,105,86,66,59,73,88,67,
223117,Baptist Missionary Association Theological Seminary,13,3,4,26,10,5,5,16,
444398,Baptist University of the Americas,11,14,19,37,30,22,19,25,
155070,Barclay College,44,44,39,50,49,52,49,40,
189088,Bard College,482,486,470,506,456,560,489,528,
167792,Bard College at Simon's Rock,149,145,168,145,116,116,144,145,
189097,Barnard College,632,605,603,605,635,617,578,599,
177719,Barnes-Jewish College Goldfarb School of Nursing,,,,,,,,,
132471,Barry University,717,644,604,480,433,460,564,625,
197911,Barton College,319,277,198,241,220,192,217,202,
235547,Bastyr University,,,,,,,,,
160977,Bates College,499,543,510,498,516,491,500,503,
164632,Bay Path University,125,135,144,153,178,129,136,155,
223223,Baylor College of Medicine,,,,,,,,,
223232,Baylor University,3307,3366,3320,3503,3394,3625,3190,3254,
476717,Be'er Yaakov Talmudic Seminary,143,148,115,144,151,121,101,99,
384254,Beacon College,98,91,82,66,62,52,41,39,
164720,Becker College,259,304,382,421,415,407,359,381,
444413,Beis Medrash Heichal Dovid,52,38,34,39,43,32,32,48,
175421,Belhaven University,198,227,240,241,285,343,280,268,
156286,Bellarmine University,617,653,681,637,709,666,676,607,
180814,Bellevue University,124,32,49,34,65,99,124,155,
238324,Bellin College,30,47,38,36,29,26,41,24,
197984,Belmont Abbey College,368,392,401,358,310,293,286,303,
219709,Belmont University,1684,1568,1568,1571,1388,1396,1248,1267,
238333,Beloit College,259,266,323,382,392,299,299,311,
217721,Benedict College,729,711,563,604,657,548,555,736,
154712,Benedictine College,524,570,438,517,508,488,494,488,
145619,Benedictine University,347,455,423,557,451,673,635,610,
165884,Benjamin Franklin Institute of Technology,209,223,191,202,198,210,184,185,
197993,Bennett College,71,237,174,118,158,166,194,215,
230816,Bennington College,179,202,225,218,215,192,140,197,
164739,Bentley University,944,1014,1018,1041,915,978,974,976,
156295,Berea College,413,438,432,418,432,416,397,391,
461643,Bergin University of Canine Studies,,,,,,,,,
108861,Berkeley School of Theology,,,,,,,,,
164748,Berklee College of Music,1311,1277,1329,1297,960,950,910,980,
139144,Berry College,577,509,553,534,575,568,672,618,
485999,Bet Medrash Gadol Ateret Torah,30,26,24,24,23,,,,
189273,Beth Hamedrash Shaarei Yosher Institute,29,23,20,11,12,12,18,16,
183804,Beth Medrash Govoha,,,,,,,,,
486196,Beth Medrash Meor Yitzchok,96,58,63,53,52,,,,
488314,Beth Medrash of Asbury Park,23,22,23,3,,,,,
154721,Bethany College,245,291,279,212,173,188,184,131,
237181,Bethany College,189,178,160,164,220,246,183,265,
486284,Bethany Global University,67,71,62,74,52,,,,
173142,Bethany Lutheran College,179,175,136,138,134,141,147,136,
143233,Bethany Theological Seminary,,,,,,,,,
154749,Bethel College-North Newton,155,108,124,101,130,110,123,101,
262022,Bethel Seminary-San Diego,,,,,,,,,
150145,Bethel University,307,297,233,243,281,223,248,233,
173160,Bethel University,586,619,598,565,616,604,612,636,
219718,Bethel University,418,412,456,407,517,515,613,998,
110060,Bethesda University,68,62,78,89,70,66,68,20,
486053,Bethlehem College & Seminary,25,26,23,30,23,,,,
132602,Bethune-Cookman University,560,939,1180,1167,905,974,1023,899,
139153,Beulah Heights University,35,9,13,16,64,52,91,58,
443702,Bexley Hall Seabury Western Theological Seminary Federation  Inc.,,,,,,,,,
110097,Biola University,907,866,891,872,829,944,903,920,
100937,Birmingham-Southern College,332,328,349,328,441,352,356,327,
442949,Birthingway College of Midwifery,,,,,,,,,
143288,Blackburn College,112,168,145,170,160,171,116,138,
143297,Blessing Rieman College of Nursing and Health Sciences,,,,,,,,,
183822,Bloomfield College,400,394,415,507,435,447,425,383,
175430,Blue Mountain College,113,129,127,112,56,76,85,71,
231554,Bluefield College,193,222,210,179,150,158,123,141,
201371,Bluffton University,231,176,211,208,218,218,250,239,
217749,Bob Jones University,655,605,595,582,608,614,678,699,
142090,Boise Bible College,15,20,27,33,31,43,47,54,
233356,Bon Secours Memorial College of Nursing,,,,,,,4,3,
189413,Boricua College,91,67,130,133,135,220,220,236,
164872,Boston Architectural College,20,19,26,22,39,24,15,20,
164614,Boston Baptist College,13,8,10,11,11,8,19,26,
164924,Boston College,2297,2326,2420,2254,2316,2295,2309,2300,
164915,Boston Graduate School of Psychoanalysis Inc,,,,,,,,,
164988,Boston University,3156,3612,3498,3553,3631,3915,3807,3877,
161004,Bowdoin College,498,510,501,503,500,501,497,492,
143358,Bradley University,1048,1090,1265,1093,928,948,1085,1016,
165015,Brandeis University,863,895,858,841,802,859,833,820,
262086,Brandman University,60,70,50,33,32,47,46,13,
139199,Brenau University,228,280,310,177,203,231,204,181,
156356,Brescia University,151,231,130,128,152,169,151,165,
198066,Brevard College,252,268,247,231,247,218,242,220,
139205,Brewton-Parker College,195,197,170,158,105,112,148,137,
152992,Briar Cliff University,136,181,158,210,185,206,180,233,
231581,Bridgewater College,487,590,534,600,542,488,536,552,
142522,Brigham Young University-Idaho,5211,4451,4742,4188,4192,2190,2423,2653,
230038,Brigham Young University-Provo,5731,5739,5440,5246,5127,4060,4423,5525,
450304,Brite Divinity School,,,,,,,,,
189501,Brooklyn Law School,,,,,,,,,
217156,Brown University,1660,1652,1637,1679,1613,1559,1542,1536,
180878,Bryan College of Health Sciences,72,63,53,58,46,51,37,42,
219790,Bryan College-Dayton,195,192,177,208,164,188,187,198,
217165,Bryant University,854,867,892,843,908,826,890,772,
210492,Bryn Athyn College of the New Church,79,64,97,70,90,85,81,55,
211273,Bryn Mawr College,374,391,354,407,385,351,365,365,
211291,Bucknell University,964,974,973,950,938,939,933,915,
153001,Buena Vista University,230,201,203,183,223,201,269,228,
209409,Bushnell University,113,100,102,81,84,78,82,68,
150163,Butler University,1116,1326,1054,1256,1025,971,1015,1101,
444103,Byzantine Catholic Seminary of Saints Cyril and Methodius,,,,,,,,,
198109,Cabarrus College of Health Sciences,32,18,12,23,25,31,29,34,
211352,Cabrini University,365,442,494,486,392,392,304,384,
215114,Cairn University-Langhorne,238,186,154,147,161,159,139,154,
183910,Caldwell University,445,497,361,404,353,386,373,292,
110361,California Baptist University,1523,1603,1412,1146,1106,1086,993,909,
110918,California Christian College,1,1,3,1,2,,4,4,
110370,California College of the Arts,248,263,235,256,241,273,232,233,
478634,California College San Diego,33,25,63,34,25,40,27,,
485263,California College San Diego,59,81,130,104,108,92,,,
474890,California College San Diego-CollegeAmerica-Phoenix,77,99,109,81,91,109,63,311,
487649,California Institute of Advanced Management,,,,,,,,,
110316,California Institute of Integral Studies,,,,,,,,,
110404,California Institute of Technology,235,231,235,235,241,226,248,264,
111081,California Institute of the Arts,216,215,213,205,193,187,172,180,
486488,California Jazz Conservatory,1,2,5,3,2,,,,
110413,California Lutheran University,647,681,585,638,595,556,540,558,
111391,California Western School of Law,,,,,,,,,
150172,Calumet College of Saint Joseph,135,116,98,113,118,126,168,134,
176789,Calvary University,52,48,43,32,34,38,41,35,
169099,Calvin Theological Seminary,,,,,,,,,
169080,Calvin University,790,842,889,929,944,951,1006,977,
165167,Cambridge College,11,18,22,27,34,138,186,68,
198136,Campbell University,742,830,798,912,976,879,794,824,
156365,Campbellsville University,664,666,541,598,514,516,531,579,
189705,Canisius College,554,485,553,597,605,613,682,713,
201548,Capital University,723,589,595,613,671,710,691,670,
162061,Capitol Technology University,76,84,62,95,83,54,51,65,
238430,Cardinal Stritch University,139,131,141,165,160,188,195,162,
173258,Carleton College,525,529,522,567,491,521,527,528,
211431,Carlow University,163,247,241,218,222,203,205,219,
211440,Carnegie Mellon University,1585,1572,1676,1552,1575,1474,1442,1408,
199971,Carolina Christian College,13,16,1,1,2,2,2,16,
461032,Carolina College of Biblical Studies,,24,12,10,12,4,13,6,
489937,Carolina University,60,119,65,29,,,,,
180106,Carroll College,312,254,294,339,387,354,315,383,
238458,Carroll University,793,719,724,668,761,762,686,726,
219806,Carson-Newman University,557,483,395,505,497,491,480,453,
238476,Carthage College,687,763,709,724,752,713,717,725,
201645,Case Western Reserve University,1357,1393,1309,1265,1259,1282,1252,1372,
198215,Catawba College,342,338,332,349,311,344,335,296,
143659,Catholic Theological Union at Chicago,,,,,,,,,
189848,Cazenovia College,218,204,165,209,250,265,345,268,
211468,Cedar Crest College,205,207,213,181,179,170,141,145,
201654,Cedarville University,995,911,872,769,819,787,781,832,
158477,Centenary College of Louisiana,172,169,173,130,157,141,128,158,
183974,Centenary University,205,234,219,243,227,244,217,292,
232618,Centra College,12,12,15,,,,,,
106713,Central Baptist College,105,128,136,126,118,143,129,108,
154855,Central Christian College of Kansas,88,127,164,99,176,163,173,207,
176910,Central Christian College of the Bible,49,41,54,57,54,69,64,61,
153108,Central College,337,278,322,323,317,429,309,320,
445267,Central Methodist University-College of Graduate and Extended Studies,3,4,3,2,6,,,,
176947,Central Methodist University-College of Liberal Arts and Sciences,321,324,279,264,287,331,291,302,
488004,Central Yeshiva Beth Joseph,,,,,,,,,
189857,Central Yeshiva Tomchei Tmimim Lubavitz,96,39,36,28,62,85,92,78,
156408,Centre College,355,358,401,400,374,386,377,351,
492069,Champion Christian College,35,45,,,,,,,
230852,Champlain College,524,538,587,663,590,630,594,601,
111948,Chapman University,1768,1660,1696,1516,1426,1422,1289,1278,
111966,Charles R Drew University of Medicine and Science,13,27,19,1,,1,5,5,
217688,Charleston Southern University,579,585,642,723,756,652,656,626,
444778,Charlotte Christian College and Theological Seminary,,,2,5,8,6,4,13,
211556,Chatham University,315,282,284,194,211,104,92,117,
211583,Chestnut Hill College,215,167,207,241,209,193,190,211,
437732,Chicago School of Professional Psychology - College of Nursing,1,33,10,36,49,19,61,104,
492607,Chicago School of Professional Psychology at Dallas,,,,,,,,,
144014,Chicago Theological Seminary,,,,,,,,,
198303,Chowan University,400,414,526,522,552,531,474,523,
189981,Christ the King Seminary,,,,,,,,,
219833,Christian Brothers University,340,395,385,337,312,351,263,254,
150215,Christian Theological Seminary,,,,,,,,,
112127,Church Divinity School of the Pacific,,,,,,,,,
201867,Cincinnati College of Mortuary Science,,,,,,,,,
244233,City College-Fort Lauderdale,19,18,18,18,35,46,47,59,
406547,City College-Gainesville,27,22,16,31,32,73,55,32,
434539,City College-Miami,3,29,12,16,33,35,22,24,
234915,City University of Seattle,19,15,40,17,170,198,50,40,
217873,Claflin University,460,572,519,490,450,389,385,442,
112251,Claremont Graduate University,,,,,,,,,
112260,Claremont McKenna College,328,325,352,321,343,327,337,291,
124283,Claremont School of Theology,,,,,,,,,
138947,Clark Atlanta University,814,921,914,999,844,717,781,637,
165334,Clark University,665,582,615,548,671,552,621,594,
153126,Clarke University,134,197,162,158,180,183,181,155,
211024,Clarks Summit University,105,106,104,90,80,97,106,94,
180832,Clarkson College,27,19,43,32,34,34,36,47,
190044,Clarkson University,790,797,677,797,792,767,757,778,
156417,Clear Creek Baptist Bible College,18,18,6,7,22,12,6,11,
169327,Cleary University,92,62,102,68,61,58,48,35,
202046,Cleveland Institute of Art,155,175,154,161,168,139,155,138,
202073,Cleveland Institute of Music,54,62,58,60,67,55,64,60,
177038,Cleveland University-Kansas City,1,2,1,3,3,2,,1,
217891,Clinton College,64,131,30,109,75,105,78,54,
153144,Coe College,379,393,400,374,377,376,390,364,
217907,Coker University,266,294,210,259,226,239,251,198,
161086,Colby College,522,580,552,510,508,480,483,493,
182634,Colby-Sawyer College,264,235,271,253,267,331,399,508,
190080,Colgate Rochester Crozer Divinity School,,,,,,,,,
190099,Colgate University,786,815,771,766,773,767,759,756,
169442,College for Creative Studies,293,254,263,269,286,251,241,275,
388520,College of Biblical Studies-Houston,45,1,33,27,11,42,46,29,
413617,College of Menominee Nation,29,81,91,55,63,90,89,116,
193399,College of Mount Saint Vincent,441,412,447,436,321,518,386,486,
167394,College of Our Lady of the Elms,180,145,173,164,182,187,187,200,
174747,College of Saint Benedict,438,445,524,507,475,550,543,495,
181604,College of Saint Mary,105,119,102,103,77,71,89,91,
160959,College of the Atlantic,105,83,91,79,81,79,104,72,
166124,College of the Holy Cross,829,868,818,764,738,773,719,763,
178697,College of the Ozarks,255,314,368,385,344,255,355,244,
448752,CollegeAmerica-Colorado Springs,11,14,41,22,18,44,43,53,
103945,CollegeAmerica-Flagstaff,4,7,17,10,13,21,26,109,
448761,CollegeAmerica-Fort Collins,9,19,21,15,25,12,18,34,
126669,Colorado Christian University,580,679,660,632,504,532,530,452,
126678,Colorado College,535,544,543,533,583,549,522,510,
177065,Columbia College,601,776,697,891,805,948,990,1103,
217934,Columbia College,176,161,160,146,185,136,128,188,
144281,Columbia College Chicago,1748,1305,1443,1555,1805,1820,2161,2091,
112570,Columbia College Hollywood,89,104,95,80,77,56,44,47,
238573,Columbia College of Nursing,,,,,,,,,
217925,Columbia International University,132,109,88,81,95,104,103,108,
139348,Columbia Theological Seminary,,,,,,,,,
190150,Columbia University in the City of New York,1465,1488,1475,1585,1487,1533,1509,1460,
202170,Columbus College of Art and Design,266,242,255,240,245,247,235,263,
459417,Compass College of Cinematic Arts,11,36,37,50,30,37,25,39,
177083,Conception Seminary College,4,8,14,11,19,16,19,14,
190248,Concordia College,183,147,153,140,138,136,153,162,
173300,Concordia College at Moorhead,517,597,568,545,520,540,684,633,
177092,Concordia Seminary,,,,,,,,,
150288,Concordia Theological Seminary,,,,,,,,,
224004,Concordia University Texas,235,217,278,280,267,242,192,259,
169363,Concordia University-Ann Arbor,223,234,190,199,153,158,188,153,
144351,Concordia University-Chicago,350,395,327,356,294,300,376,318,
112075,Concordia University-Irvine,342,319,328,407,334,352,373,301,
180984,Concordia University-Nebraska,291,356,348,323,347,326,282,296,
208488,Concordia University-Portland,230,245,220,229,192,200,222,247,
173328,Concordia University-Saint Paul,351,244,248,244,229,245,294,181,
238616,Concordia University-Wisconsin,578,571,560,478,627,640,580,610,
128902,Connecticut College,508,508,444,472,478,498,489,503,
217961,Converse College,188,209,272,242,212,234,232,189,
165495,Conway School of Landscape Design,,,,,,,,,
190372,Cooper Union for the Advancement of Science and Art,198,216,192,224,234,218,178,181,
210331,Corban University,206,226,197,239,276,220,222,218,
153162,Cornell College,270,296,300,287,276,262,270,302,
190415,Cornell University,3189,3295,3349,3315,3180,3225,3223,3217,
170037,Cornerstone University,304,285,287,283,337,323,373,352,
235024,Cornish College of the Arts,132,142,177,172,179,161,167,155,
177117,Cottey College,92,97,86,94,154,130,124,127,
139393,Covenant College,219,249,263,265,258,265,295,268,
177126,Covenant Theological Seminary,,,,,,,,,
176770,Cox College,2,3,3,14,19,10,15,239,
169424,Cranbrook Academy of Art,,,,,,,,,
181002,Creighton University,1076,1155,1120,1033,1068,1025,966,945,
475608,Criswell College,26,13,17,16,12,21,20,44,
106810,Crowley's Ridge College,42,53,70,84,53,62,47,62,
174862,Crown College,132,168,141,166,162,158,210,185,
190503,Culinary Institute of America,610,472,433,512,524,430,490,534,
177144,Culver-Stockton College,256,288,305,269,260,290,220,217,
219949,Cumberland University,698,602,562,447,200,178,212,213,
165529,Curry College,576,581,603,678,607,676,657,604,
211893,Curtis Institute of Music,22,26,19,18,21,26,29,28,
190716,D'Youville College,217,247,277,245,233,297,251,274,
190725,Daemen College,412,339,387,392,384,420,411,439,
219091,Dakota Wesleyan University,163,170,193,172,177,142,168,202,
224226,Dallas Baptist University,572,548,540,527,499,494,492,492,
224244,Dallas Christian College,34,49,48,32,60,62,48,53,
224305,Dallas Theological Seminary,,,,,,,,,
492102,Daniel Morgan Graduate School of National Security,,,,,,,,,
182670,Dartmouth College,1190,1167,1215,1116,1112,1152,1112,1095,
169479,Davenport University,670,651,596,632,656,635,589,635,
198385,Davidson College,527,515,519,514,510,502,483,490,
237358,Davis & Elkins College,213,198,236,221,210,212,269,228,
194569,Davis College,,18,20,40,35,50,39,51,
165574,Dean College,438,474,465,437,485,452,528,482,
202514,Defiance College,181,157,151,138,183,233,241,241,
211981,Delaware Valley University,377,447,418,451,479,489,416,465,
113537,Dell'Arte International School of Physical Theatre,4,,,,,,1,,
202523,Denison University,625,654,617,637,633,609,582,629,
126979,Denver Seminary,,,,,,,,,
144740,DePaul University,2627,2575,2542,2459,2519,2544,2425,2593,
150400,DePauw University,423,564,595,559,596,514,641,578,
154156,Des Moines University-Osteopathic Medical Center,,,,,,,,,
210739,DeSales University,500,517,431,572,429,408,417,389,
212009,Dickinson College,453,635,607,610,731,619,626,602,
158802,Dillard University,313,373,338,362,297,325,229,351,
445869,Divine Mercy University,,,,,,,,,
153241,Divine Word College,,1,2,4,1,9,11,11,
181020,Doane University,319,259,299,303,330,268,287,337,
190761,Dominican College of Blauvelt,293,299,229,253,365,290,286,293,
113704,Dominican School of Philosophy & Theology,,,,,,,,,
148496,Dominican University,419,447,441,495,484,473,497,406,
113698,Dominican University of California,330,288,242,269,256,262,306,265,
122117,Dongguk University Los Angeles,,,,,,,,,
155007,Donnelly College,59,66,55,97,73,185,135,113,
153250,Dordt University,387,365,399,392,364,337,379,345,
449481,Dragon Rises College of Oriental Medicine,,,,,,,,,
153269,Drake University,782,750,758,767,803,870,850,848,
184348,Drew University,400,420,371,350,357,302,400,363,
212054,Drexel University,3178,3361,3274,2327,2730,2928,3039,3106,
177214,Drury University,342,377,456,500,435,490,519,627,
492801,Drury University-College of Continuing Professional Studies,88,114,,,,,,,
198419,Duke University,1731,1745,1748,1723,1746,1721,1730,1714,
175227,Dunwoody College of Technology,259,237,193,233,208,211,204,237,
212106,Duquesne University,1302,1512,1562,1556,1435,1343,1547,1526,
150455,Earlham College,172,271,287,355,252,270,253,286,
224527,East Texas Baptist University,350,404,424,351,343,364,345,360,
144883,East-West University,190,74,106,181,171,118,185,214,
232043,Eastern Mennonite University,204,200,189,223,254,240,232,217,
165644,Eastern Nazarene College,131,140,153,166,114,170,165,183,
212133,Eastern University,357,423,381,442,395,446,450,459,
446233,Ecclesia College,61,56,65,75,99,41,59,49,
133492,Eckerd College,539,581,561,578,488,514,455,535,
247162,Ecumenical Theological Seminary,,5,6,6,2,5,8,14,
177278,Eden Theological Seminary,,,,,,,,,
238661,Edgewood College,239,255,284,263,298,290,298,342,
442806,Edward Via College of Osteopathic Medicine,,,,,,,,,
133526,Edward Waters College,218,316,268,234,246,222,208,224,
212197,Elizabethtown College,377,386,411,443,504,447,530,503,
486080,Elmezzi Graduate School of Molecular Medicine,,,,,,,,,
144962,Elmhurst University,522,530,497,477,478,510,506,560,
190983,Elmira College,217,206,205,208,258,331,319,356,
198516,Elon University,1659,1698,1573,1553,1524,1497,1475,1425,
133553,Embry-Riddle Aeronautical University-Daytona Beach,1710,1418,1357,1273,1275,1217,944,941,
104586,Embry-Riddle Aeronautical University-Prescott,754,609,681,604,583,505,448,375,
426314,Embry-Riddle Aeronautical University-Worldwide,470,579,517,472,469,364,387,306,
165662,Emerson College,942,923,932,881,915,857,863,866,
139630,Emmanuel College,248,247,264,238,234,193,167,194,
165671,Emmanuel College,582,596,474,596,555,524,515,553,
153302,Emmaus Bible College,52,47,61,67,59,69,34,44,
232025,Emory & Henry College,271,268,253,284,304,284,267,245,
139658,Emory University,1374,1431,1388,1358,1357,1824,1853,1824,
165699,Endicott College,842,764,782,726,806,763,662,646,
124487,Epic Bible College,7,10,10,10,18,32,34,18,
224712,Episcopal Theological Seminary of the Southwest,,,,,,,,,
409254,Erikson Institute,,,,,,,,,
217998,Erskine College,434,171,179,210,218,188,212,145,
144971,Eureka College,109,140,106,153,165,168,138,156,
177339,Evangel University,443,372,400,387,362,329,460,384,
212443,Evangelical Theological Seminary,,,,,,,,,
385619,Everglades University,620,589,634,657,612,53,54,53,
460376,Fairfax University of America,3,2,6,10,,,,,
129242,Fairfield University,1176,1091,994,1056,966,1056,963,990,
184694,Fairleigh Dickinson University-Florham Campus,579,673,802,588,696,702,512,585,
184603,Fairleigh Dickinson University-Metropolitan Campus,555,605,709,545,573,650,651,756,
153320,Faith Baptist Bible College and Theological Seminary,83,80,99,74,72,88,60,70,
443049,Faith International University,3,3,15,31,8,11,6,22,
212452,Faith Theological Seminary,3,2,5,13,10,13,27,,
443058,Family of Faith Christian University,3,,7,4,2,3,3,1,
101189,Faulkner University,276,273,333,314,297,407,298,378,
184612,Felician University,382,288,308,316,298,270,153,229,
232089,Ferrum College,355,416,359,451,422,499,554,550,
114549,Fielding Graduate University,,,,,,,,,
172440,Finlandia University,116,113,99,153,164,106,107,125,
165802,Fisher College,174,211,263,282,278,323,335,388,
220181,Fisk University,327,278,135,124,216,227,232,183,
133711,Flagler College,640,653,737,600,621,673,708,646,
133809,Florida College,205,206,158,179,189,212,198,192,
133881,Florida Institute of Technology,668,784,721,761,645,771,783,756,
133979,Florida Memorial University,325,341,327,384,377,463,412,405,
134079,Florida Southern College,685,707,722,648,698,581,635,537,
177418,Fontbonne University,184,183,139,141,178,113,160,141,
191241,Fordham University,2270,2299,2283,2199,2211,2258,1967,1882,
160074,Franciscan Missionaries of Our Lady University,78,83,101,92,94,107,111,116,
114734,Franciscan School of Theology,,,,,,,,,
205957,Franciscan University of Steubenville,494,576,479,456,456,464,460,435,
212577,Franklin and Marshall College,627,611,645,639,592,592,605,599,
150604,Franklin College,270,272,267,238,290,327,272,289,
182795,Franklin Pierce University,416,461,462,635,424,456,450,547,
202806,Franklin University,433,83,29,43,44,58,86,193,
441982,Franklin W Olin College of Engineering,85,84,90,79,76,79,82,81,
220215,Freed-Hardeman University,327,308,315,325,294,344,356,321,
114813,Fresno Pacific University,177,235,203,213,168,202,213,256,
155089,Friends University,177,173,176,165,166,182,184,196,
114840,Fuller Theological Seminary,,,,,,,,,
218070,Furman University,648,713,702,748,669,726,756,695,
481030,Future Generations University,,,,,,,,,
131450,Gallaudet University,183,201,247,245,178,182,201,213,
212601,Gannon University,734,771,645,631,618,596,622,630,
198561,Gardner-Webb University,402,409,381,444,460,494,434,493,
145275,Garrett-Evangelical Theological Seminary,,,,,,,,,
456542,Geisinger Commonwealth School of Medicine,,,,,,,,,
212656,Geneva College,314,306,303,292,337,315,338,340,
208822,George Fox University,603,594,634,635,682,629,619,422,
131469,George Washington University,2619,2845,2610,2525,2589,2416,2356,2387,
156745,Georgetown College,314,262,306,297,282,273,268,237,
131496,Georgetown University,1582,1621,1597,1573,1567,1578,1594,1570,
184773,Georgian Court University,197,283,216,221,151,230,275,161,
212674,Gettysburg College,681,748,720,696,699,720,703,769,
230889,Goddard College,8,5,4,9,6,5,2,7,
202903,Gods Bible School and College,56,42,46,59,56,41,67,57,
115083,Golden Gate University-San Francisco,,,,1,1,,,,
130989,Goldey-Beacom College,163,151,165,164,120,166,100,96,
235316,Gonzaga University,1248,1196,1257,1271,1337,1048,1238,1096,
202912,Good Samaritan College of Nursing and Health Science,8,17,24,26,20,10,16,18,
129154,Goodwin University,339,329,307,335,240,318,250,370,
165936,Gordon College,358,432,417,425,441,403,478,465,
165945,Gordon-Conwell Theological Seminary,,,,,,,,,
150668,Goshen College,160,200,216,185,177,159,167,168,
162654,Goucher College,340,466,420,441,390,403,401,410,
170000,Grace Christian University,126,97,140,140,155,106,141,104,
150677,Grace College and Theological Seminary,363,320,349,403,384,394,372,344,
461528,Grace College of Divinity,16,9,19,5,47,26,55,43,
481058,Grace Mission University,72,2,2,8,9,25,76,,
481401,Grace School of Theology,19,39,35,27,41,2,2,,
153366,Graceland University-Lamoni,193,267,255,258,290,282,326,232,
115214,Graduate Theological Union,,,,,,,,,
153375,Grand View University,332,329,331,338,267,279,298,294,
212771,Gratz College,,,,,,,,,
170091,Great Lakes Christian College,40,24,33,31,46,26,51,33,
198598,Greensboro College,181,181,223,249,227,183,201,243,
145372,Greenville University,226,221,220,200,260,268,277,262,
153384,Grinnell College,459,463,447,414,442,435,423,444,
212805,Grove City College,490,608,636,583,547,637,648,670,
198613,Guilford College,380,360,343,428,325,359,406,322,
173647,Gustavus Adolphus College,642,651,588,541,614,613,610,678,
212832,Gwynedd Mercy University,240,276,266,225,240,205,211,250,
225201,Hallmark University,124,80,58,66,79,71,81,150,
191515,Hamilton College,473,481,480,472,473,469,491,469,
173665,Hamline University,547,538,535,548,513,521,536,541,
232256,Hampden-Sydney College,228,343,312,283,305,322,292,342,
166018,Hampshire College,19,282,325,320,370,324,381,357,
232265,Hampton University,926,922,1018,1280,934,882,1004,887,
177542,Hannibal-LaGrange University,125,132,168,157,161,157,196,195,
150756,Hanover College,290,356,343,308,304,293,334,372,
225247,Hardin-Simmons University,479,484,457,393,413,339,414,395,
107044,Harding University,808,857,945,1019,992,1067,1041,1022,
446640,Harrisburg University of Science and Technology,223,188,201,135,117,104,108,134,
129491,Hartford Seminary,,,,,,,,,
191533,Hartwick College,376,407,351,402,292,419,528,456,
166027,Harvard University,1646,1653,1688,1659,1659,1650,1658,1665,
115409,Harvey Mudd College,224,234,225,214,214,194,217,198,
181127,Hastings College,316,263,306,273,293,345,345,236,
212911,Haverford College,363,357,349,349,346,338,330,323,
173683,Hazelden Betty Ford Graduate School of Addiction Studies,,,,,,,,,
166045,Hebrew College,,,,,,,,,
145497,Hebrew Theological College,7,10,14,88,363,277,340,366,
203067,Hebrew Union College-Jewish Institute of Religion,,,,,,,,,
203085,Heidelberg University,332,329,319,372,272,364,351,345,
191597,Helene Fuld College of Nursing,,,,,,,7,5,
166054,Hellenic College-Holy Cross Greek Orthodox School of Theology,13,9,9,13,31,14,16,13,
107080,Hendrix College,284,309,338,352,395,314,450,369,
101453,Heritage Christian University,1,7,13,2,7,2,8,5,
235422,Heritage University,123,117,108,113,105,122,84,91,
200785,Herzing University-Akron,79,46,44,64,63,44,35,69,
140340,Herzing University-Atlanta,50,58,32,57,56,30,39,41,
101365,Herzing University-Birmingham,41,39,51,64,71,70,51,45,
459851,Herzing University-Brookfield,48,56,8,17,22,38,53,41,
459842,Herzing University-Kenosha,10,25,13,7,32,37,54,63,
240392,Herzing University-Madison,78,121,126,144,245,255,227,307,
174154,Herzing University-Minneapolis,10,36,45,33,15,22,9,50,
433536,Herzing University-New Orleans,22,15,17,32,38,37,24,37,
386472,Herzing University-Orlando,17,42,21,16,8,10,12,21,
155177,Hesston College,130,133,166,139,151,162,165,168,
198695,High Point University,1400,1423,1111,1382,1362,1386,1162,1257,
485403,High Tech High Graduate School of Education,,,,,,,,,
191621,Hilbert College,160,223,169,148,154,168,188,184,
170286,Hillsdale College,343,341,369,364,362,,,,
203128,Hiram College,228,233,257,207,161,276,290,308,
191630,Hobart William Smith Colleges,458,611,634,582,631,643,638,600,
134510,Hobe Sound Bible College,31,51,55,49,39,51,34,18,
367884,Hodges University,72,102,89,149,146,134,170,201,
191649,Hofstra University,1523,1555,1638,1647,1651,1714,1616,1488,
232308,Hollins University,185,199,155,224,196,165,146,128,
129534,Holy Apostles College and Seminary,15,11,14,16,12,5,1,8,
150774,Holy Cross College,189,173,203,230,208,188,165,117,
239743,Holy Family College,71,52,92,56,62,45,40,50,
212984,Holy Family University,344,354,361,328,343,251,291,309,
115728,Holy Names University,162,176,177,96,119,89,87,134,
457086,Homestead Schools,8,8,6,1,,20,14,57,
162760,Hood College,320,239,256,219,258,289,281,271,
443076,Hood Theological Seminary,,,,,,,1,2,
170301,Hope College,689,798,779,725,788,830,822,903,
120537,Hope International University,109,91,96,111,120,94,85,129,
457226,Horizon University,8,,,,1,2,3,2,
191676,Houghton College,270,257,268,272,267,251,223,234,
225399,Houston Baptist University,727,531,519,577,545,615,568,518,
246345,Houston Graduate School of Theology,,,,,,,,,
225548,Howard Payne University,249,251,253,330,281,302,347,299,
131520,Howard University,1925,1501,2079,901,1676,1479,1594,1394,
164368,Hult International Business School,192,212,167,125,123,,,,
115773,Humphreys University-Stockton and Modesto Campuses,7,16,7,14,18,38,59,108,
101435,Huntingdon College,256,249,294,277,252,227,261,276,
150941,Huntington University,238,247,219,207,205,226,226,240,
449348,Huntsville Bible College,9,12,3,6,8,8,8,12,
487524,Husson University,591,656,578,617,535,,,,
225575,Huston-Tillotson University,204,223,183,145,146,206,228,209,
193405,Icahn School of Medicine at Mount Sinai,,,,,,,,,
127273,Iliff School of Theology,,,,,,,,,
145691,Illinois College,323,294,258,293,240,253,270,285,
145628,Illinois College of Optometry,,,,,,,,,
145725,Illinois Institute of Technology,583,608,471,503,479,440,464,406,
145646,Illinois Wesleyan University,409,494,378,425,450,455,527,490,
213011,Immaculata University,259,193,201,219,190,224,289,249,
465812,Independence University,2030,7186,2199,772,794,731,578,301,
151290,Indiana Institute of Technology,435,433,1314,1540,1596,1327,920,724,
492962,Indiana Institute of Technology-College of Professional Studies,286,608,,,,,,,
151801,Indiana Wesleyan University-Marion,670,718,787,684,1426,1471,1437,1543,
488679,Indiana Wesleyan University-National & Global,798,711,670,860,,,,,
145886,Institute for Clinical Social Work,,,,,,,,,
462044,Institute for Doctoral Studies in the Visual Arts,,,,,,,,,
489335,Institute of Buddhist Studies,,,,,,,,,
454838,Institute of Taoist Education and Acupuncture,,,,,,,,,
455804,Institute of World Politics,,,,,,,,,
140146,Interdenominational Theological Center,,,,,,,,,
436614,International Baptist College and Seminary,9,8,7,15,3,14,10,8,
448691,International Institute for Restorative Practices,,,,,,,,,
443128,International Technological University,,,,,,,,,
191931,Iona College,641,853,860,935,842,802,922,722,
153621,Iowa Wesleyan University,152,170,238,205,120,75,103,113,
441238,Irell & Manella Graduate School of Biological Sciences at City of Hope,,,,,,,,,
191968,Ithaca College,1509,1666,1622,1634,1809,1560,1789,1580,
134945,Jacksonville University,657,624,576,551,493,398,539,504,
225885,Jarvis Christian College,202,350,258,270,251,190,158,177,
192040,Jewish Theological Seminary of America,38,31,38,43,39,41,33,39,
107141,John Brown University,319,319,326,323,358,318,303,318,
203368,John Carroll University,725,844,753,715,761,799,793,682,
116712,John F. Kennedy University,6,,,,,,,,
462354,John Paul the Great Catholic University,74,85,77,74,63,59,40,40,
162928,Johns Hopkins University,1475,1420,1419,1368,1368,1470,1390,1391,
445708,Johnson & Wales University-Charlotte,428,487,570,655,701,610,624,574,
439288,Johnson & Wales University-Denver,286,296,254,315,317,309,337,369,
414823,Johnson & Wales University-North Miami,376,372,418,472,446,454,491,487,
217235,Johnson & Wales University-Providence,1494,1445,1625,2025,1916,1898,1995,1956,
198756,Johnson C Smith University,328,350,339,302,334,268,232,386,
220473,Johnson University,145,170,153,138,167,192,162,180,
132879,Johnson University Florida,56,68,56,36,38,43,47,83,
101541,Judson College,52,66,79,131,64,98,67,77,
146339,Judson University,189,158,181,192,156,201,201,163,
461139,Jung Tao School of Classical Chinese Medicine,,,,,,,,,
213251,Juniata College,398,350,341,394,356,423,391,402,
170532,Kalamazoo College,395,408,448,347,364,357,453,334,
155308,Kansas Christian College,49,52,39,39,22,8,,,
177746,Kansas City Art Institute,183,139,171,163,146,134,141,175,
179812,Kansas City University of Medicine and Biosciences,,,,,,,,,
490601,Kansas City University of Medicine and Biosciences-Joplin,,,,,,,,,
155414,Kansas Wesleyan University,141,146,183,166,160,144,151,139,
440031,Keck Graduate Institute,,,,,,,,,
192165,Kehilath Yakov Rabbinical Seminary,43,41,49,38,48,41,44,23,
135081,Keiser University-Ft Lauderdale,5994,4887,6320,6901,5998,2796,2289,3658,
177816,Kenrick Glennon Seminary,,8,8,6,9,8,8,8,
157100,Kentucky Christian University,215,155,164,153,108,171,129,199,
157030,Kentucky Mountain Bible College,15,15,16,20,17,14,20,19,
157076,Kentucky Wesleyan College,245,250,192,194,177,230,163,157,
203535,Kenyon College,487,539,453,487,492,448,480,446,
203544,Kettering College,72,51,45,58,62,62,67,90,
169983,Kettering University,346,364,371,418,434,364,376,372,
192192,Keuka College,299,330,367,365,318,229,241,230,
213303,Keystone College,343,335,331,319,293,314,323,363,
220516,King University,205,188,197,159,170,189,237,226,
213321,King's College,560,555,625,573,522,487,500,514,
146427,Knox College,320,345,358,347,386,362,380,390,
171881,Kuyper College,18,28,32,38,49,55,38,68,
213358,La Roche University,205,225,227,265,291,223,229,249,
213367,La Salle University,793,1049,1052,869,815,918,939,926,
117627,La Sierra University,334,356,420,327,435,467,477,506,
165264,Laboure College,,3,13,9,8,10,18,12,
213376,Lackawanna College,469,481,434,438,329,417,380,381,
213385,Lafayette College,698,733,680,649,672,648,635,629,
140234,LaGrange College,250,211,274,239,269,238,271,198,
117168,Laguna College of Art and Design,139,117,92,88,82,68,68,78,
203580,Lake Erie College,207,197,219,219,214,186,206,276,
407629,Lake Erie College of Osteopathic Medicine,,,,,,,,,
146481,Lake Forest College,379,392,355,360,356,410,399,416,
146490,Lake Forest Graduate School of Management,,,,,,,,,
238980,Lakeland University,213,217,183,207,368,179,216,216,
146533,Lakeview College of Nursing,,,,,,,,,
213400,Lancaster Bible College,171,190,159,178,197,246,152,148,
213446,Lancaster Theological Seminary,,,,,,,,,
247649,Landmark College,95,101,91,104,106,119,138,130,
220598,Lane College,405,349,428,403,444,312,405,325,
166391,Lasell University,454,381,411,439,490,501,485,558,
170675,Lawrence Technological University,361,387,373,375,349,337,365,341,
239017,Lawrence University,386,400,353,374,400,385,395,412,
192323,Le Moyne College,654,657,545,631,634,678,622,521,
220604,Le Moyne-Owen College,150,156,170,193,191,162,159,184,
213507,Lebanon Valley College,478,473,466,428,456,414,415,404,
220613,Lee University,792,880,901,889,835,756,812,853,
198808,Lees-McRae College,174,222,208,187,198,216,226,182,
213543,Lehigh University,1406,1275,1234,1249,1261,1299,1198,1217,
198835,Lenoir-Rhyne University,481,538,408,491,448,347,311,330,
166452,Lesley University,320,378,383,398,381,310,323,335,
226231,LeTourneau University,362,335,321,280,302,367,339,362,
209056,Lewis & Clark College,507,562,526,506,654,563,473,552,
146612,Lewis University,639,645,609,642,702,744,694,673,
157207,Lexington Theological Seminary,,,,,,,,,
232557,Liberty University,5280,4661,4355,4048,4793,4714,4686,5441,
117520,Life Chiropractic College West,,,,,,,,,
117104,Life Pacific University,77,101,88,92,90,98,78,72,
140252,Life University,164,179,115,128,93,98,75,39,
218238,Limestone University,353,387,382,404,455,477,470,314,
146667,Lincoln Christian University,60,64,82,83,91,71,79,88,
146676,Lincoln College,323,275,298,298,386,377,396,369,
220631,Lincoln Memorial University,267,292,344,305,264,260,191,253,
117557,Lincoln University,5,5,6,20,35,14,14,51,
177968,Lindenwood University,798,1063,949,1008,1235,1201,1324,1351,
157216,Lindsey Wilson College,472,550,548,493,520,526,514,526,
209065,Linfield University-McMinnville Campus,459,326,400,393,475,464,449,443,
437325,Linfield University-Online and Continuing Education,,,,,,,,,
437316,Linfield University-School of Nursing,,,,,,,,,
219976,Lipscomb University,615,671,641,637,669,629,684,675,
198862,Livingstone College,344,377,366,380,421,453,395,355,
177986,Logan University,16,22,8,,,,,,
117636,Loma Linda University,,,,,,,,,
192448,Long Island University,1280,968,694,535,530,563,659,980,
166489,Longy School of Music of Bard College,9,9,18,12,6,11,12,13,
153825,Loras College,326,362,337,328,389,374,414,374,
159568,Louisiana College,257,261,311,248,212,236,265,293,
157298,Louisville Presbyterian Theological Seminary,,,,,,,,,
203757,Lourdes University,208,193,213,213,151,162,223,267,
117946,Loyola Marymount University,1467,1512,1446,1331,1354,1348,1341,1278,
146719,Loyola University Chicago,2630,2770,2654,2622,2353,2292,2512,2003,
163046,Loyola University Maryland,1081,1069,1021,1095,1033,1137,1096,1072,
159656,Loyola University New Orleans,830,789,803,615,665,615,624,872,
226383,Lubbock Christian University,282,294,310,320,275,264,255,314,
153834,Luther College,527,554,517,520,624,559,628,645,
135364,Luther Rice College & Seminary,5,8,10,17,19,20,19,14,
173896,Luther Seminary,,,,,,,,,
146728,Lutheran School of Theology at Chicago,,,,,,,,,
213668,Lycoming College,340,323,282,343,347,394,347,321,
132657,Lynn University,739,640,482,566,516,540,456,415,
106342,Lyon College,173,215,190,200,211,254,174,160,
173902,Macalester College,502,621,543,506,583,541,555,534,
192624,Machzikei Hadath Rabbinical College,38,27,44,27,34,36,27,24,
146825,MacMurray College,156,171,142,136,129,113,120,146,
170806,Madonna University,266,220,278,219,182,174,205,161,
182917,Magdalen College,31,24,15,24,34,15,,,
153861,Maharishi International University,20,20,17,21,21,21,19,36,
161509,Maine College of Art,119,98,121,122,113,122,105,82,
161022,Maine College of Health Professions,12,11,9,6,3,7,2,3,
203775,Malone University,244,313,338,311,245,314,316,353,
151777,Manchester University,334,410,398,389,396,441,367,372,
155496,Manhattan Christian College,37,70,95,60,79,70,73,73,
192703,Manhattan College,905,815,765,816,900,747,757,842,
192712,Manhattan School of Music,115,144,115,131,112,113,81,86,
192749,Manhattanville College,401,394,416,485,452,460,480,533,
213774,Manor College,174,214,184,120,170,200,184,229,
446394,Maple Springs Baptist Bible College and Seminary,11,,2,,7,,6,2,
239071,Maranatha Baptist University,147,153,148,204,188,193,210,190,
192785,Maria College of Albany,61,58,41,55,60,60,53,39,
151786,Marian University,385,425,338,392,311,332,336,300,
239080,Marian University,324,309,352,267,282,250,248,283,
203845,Marietta College,348,347,272,245,284,357,385,393,
192819,Marist College,1358,1299,1285,1225,1209,1127,1149,1098,
230940,Marlboro College,35,38,28,55,35,47,46,48,
440411,Marlboro College Graduate & Professional Studies,,,,,,,,,
239105,Marquette University,1977,2164,2023,2005,1876,1992,1990,1928,
198899,Mars Hill University,278,264,353,396,387,405,419,437,
123943,Marshall B Ketchum University,,,,,,,,,
173452,Martin Luther College,168,195,183,196,172,189,164,179,
220701,Martin Methodist College,233,276,246,262,275,454,338,281,
151810,Martin University,21,22,22,24,15,22,54,64,
232672,Mary Baldwin University,389,371,109,227,176,260,217,242,
163295,Maryland Institute College of Art,405,425,423,351,411,455,400,414,
164085,Maryland University of Integrative Health,,,,,,,,,
118541,Marymount California University,114,151,232,219,257,314,290,343,
192864,Marymount Manhattan College,437,483,546,552,524,511,418,485,
232706,Marymount University,392,422,405,442,393,353,400,375,
220710,Maryville College,272,282,301,323,338,334,349,313,
178059,Maryville University of Saint Louis,683,668,604,554,382,412,409,368,
213826,Marywood University,361,391,449,325,371,373,405,461,
166683,Massachusetts Institute of Technology,1102,1114,1097,1110,1106,1043,1115,1135,
369002,Massachusetts School of Law,,,,,,,,,
173957,Mayo Clinic College of Medicine and Science,36,,,,,,,,
146977,McCormick Theological Seminary,,,,,,,,,
164270,McDaniel College,575,415,450,388,420,409,453,437,
147013,McKendree University,332,362,364,458,362,421,387,297,
226587,McMurry University,259,221,246,284,297,208,250,303,
155511,McPherson College,225,175,202,196,194,152,170,177,
166656,MCPHS University,692,686,769,798,781,875,912,911,
147031,Meadville Lombard Theological School,,,,,,,,,
490328,Mechon L'hoyroa,,,,,,,,,
192925,Medaille College,407,372,359,340,381,442,443,400,
239169,Medical College of Wisconsin,,,,,,,,,
220792,Meharry Medical College,,,,,,,,,
220808,Memphis College of Art,,,47,77,88,100,115,69,
220871,Memphis Theological Seminary,,,,,,,,,
118693,Menlo College,240,157,153,157,148,190,134,169,
140447,Mercer University,925,1003,912,856,858,832,767,691,
193016,Mercy College,999,933,910,948,938,753,834,833,
153977,Mercy College of Health Sciences,59,41,47,35,46,46,46,43,
203960,Mercy College of Ohio,186,66,66,62,69,44,34,54,
213987,Mercyhurst University,586,644,589,713,590,614,602,681,
198950,Meredith College,376,401,395,423,438,471,415,408,
166850,Merrimack College,1179,1123,855,1005,828,858,794,699,
193061,Mesivta of Eastern Parkway-Yeshiva Zichron Meilech,10,6,4,8,4,1,4,6,
193052,Mesivta Torah Vodaath Rabbinical Seminary,13,4,9,5,6,8,17,14,
193070,Mesivtha Tifereth Jerusalem of America,12,15,12,19,19,23,12,18,
417752,Messenger College,3,8,9,8,36,94,13,16,
213996,Messiah University,606,647,665,685,691,696,648,708,
147129,Methodist College,12,16,9,21,12,4,14,31,
203997,Methodist Theological School in Ohio,,,,,,,,,
198969,Methodist University,378,385,412,485,520,532,558,452,
190114,Metropolitan College of New York,30,28,99,75,79,109,115,113,
166869,MGH Institute of Health Professions,,,,,,,,,
169220,Michigan School of Psychology,,,,,,,,,
169628,Michigan State University-College of Law,,,,,,,,,
245953,Mid-America Christian University,124,123,110,135,157,136,302,236,
151962,Mid-America College of Funeral Service,35,58,47,34,33,13,16,26,
199458,Mid-Atlantic Christian University,55,66,54,59,55,48,40,37,
481225,Mid-South Christian College,1,5,5,,1,3,7,,
155520,MidAmerica Nazarene University,192,167,223,180,191,205,223,212,
220996,Middle Tennessee School of Anesthesia Inc,,,,,,,,,
230959,Middlebury College,605,628,635,606,589,580,625,598,
119058,Middlebury Institute of International Studies at Monterey,,,,,,,,,
181330,Midland University,317,330,326,341,310,331,367,364,
157377,Midway University,219,235,151,131,73,78,107,123,
178208,Midwestern Baptist Theological Seminary,68,89,74,96,54,70,55,31,
143853,Midwestern University-Downers Grove,,,,,,,,,
423643,Midwestern University-Glendale,,,,,,,,,
101675,Miles College,311,354,309,429,424,489,406,443,
486901,Milligan University,226,175,204,196,187,,,,
147244,Millikin University,487,468,474,445,420,477,451,533,
118888,Mills College,134,160,174,169,140,188,217,208,
175980,Millsaps College,203,245,229,252,222,236,171,210,
239309,Milwaukee Institute of Art & Design,284,236,197,174,178,145,157,153,
239318,Milwaukee School of Engineering,582,597,515,551,512,578,539,486,
174127,Minneapolis College of Art and Design,178,174,133,163,145,120,116,120,
193247,Mirrer Yeshiva Cent Institute,26,34,49,36,52,45,34,42,
214069,Misericordia University,414,415,440,430,439,447,438,523,
211130,Missio Theological Seminary,,,,,,,,,
176053,Mississippi College,465,523,571,574,604,591,598,482,
178244,Missouri Baptist University,290,255,283,287,261,231,268,242,
178369,Missouri Valley College,437,525,392,449,435,376,415,369,
129774,Mitchell College,124,148,147,120,130,146,178,150,
175281,Mitchell Hamline School of Law,,,,,,,,,
193292,Molloy College,581,598,514,565,539,492,501,455,
147341,Monmouth College,254,243,281,285,270,394,390,340,
185572,Monmouth University,994,1050,1083,1089,1128,1056,906,1006,
262165,Montana Bible College,,,,,,15,,17,
127954,Montessori Education Center of the Rockies,10,12,12,6,11,4,3,2,
199032,Montreat College,171,148,176,165,158,109,108,102,
166911,Montserrat College of Art,104,101,92,93,81,102,103,97,
147369,Moody Bible Institute,195,245,288,301,446,480,468,483,
214148,Moore College of Art and Design,103,98,89,71,97,87,75,105,
214157,Moravian College,428,449,477,484,523,386,355,378,
140553,Morehouse College,568,605,617,611,598,540,486,570,
140562,Morehouse School of Medicine,,,,,,,,,
154004,Morningside College,367,345,354,341,381,353,357,273,
218399,Morris College,200,196,236,219,213,225,250,264,
214166,Mount Aloysius College,246,254,267,275,376,386,394,379,
209241,Mount Angel Seminary,6,3,7,2,13,8,15,13,
204176,Mount Carmel College of Nursing,44,69,95,112,95,83,96,85,
166939,Mount Holyoke College,496,628,529,569,513,531,513,496,
219198,Mount Marty University,131,135,121,117,112,122,126,131,
239390,Mount Mary University,126,145,123,118,146,155,114,95,
154013,Mount Mercy University,219,240,239,241,235,134,154,158,
204200,Mount Saint Joseph University,290,318,277,249,343,297,324,282,
193353,Mount Saint Mary College,339,388,401,387,422,413,449,442,
119173,Mount Saint Mary's University,402,405,496,572,550,494,559,535,
163462,Mount St. Mary's University,513,549,524,417,506,510,429,447,
204194,Mount Vernon Nazarene University,324,373,334,452,358,311,302,290,
214175,Muhlenberg College,538,548,564,593,582,589,579,581,
209287,Multnomah University,64,71,67,72,57,48,55,32,
204264,Muskingum University,388,369,384,319,360,384,404,410,
127653,Naropa University,30,30,40,32,40,63,37,27,
239424,Nashotah House,,,,,,,,,
147536,National Louis University,688,605,506,315,81,16,28,30,
119605,National University,24,18,146,117,285,223,809,893,
147590,National University of Health Sciences,,,,,,,,,
209296,National University of Natural Medicine,,,,,,,,,
127714,Nazarene Bible College,14,14,17,18,18,28,39,18,
178518,Nazarene Theological Seminary,,,,,,,,,
193584,Nazareth College,516,544,550,517,521,476,423,472,
181376,Nebraska Christian College of Hope International University,25,32,46,22,31,28,56,45,
181297,Nebraska Methodist College of Nursing & Allied Health,48,51,45,44,33,38,44,29,
181446,Nebraska Wesleyan University,487,487,406,420,439,368,379,356,
163532,Ner Israel Rabbinical College,31,34,42,35,34,42,41,34,
214272,Neumann University,418,421,360,375,401,416,503,574,
185758,New Brunswick Theological Seminary,,,,,,,,,
182980,New England College,472,409,480,345,429,363,383,328,
167093,New England College of Optometry,,,,,,,,,
217305,New England Institute of Technology,481,525,523,444,417,490,498,444,
167215,New England Law-Boston,,,,,,,,,
208725,New Hope Christian College-Eugene,23,21,14,23,27,31,34,58,
159948,New Orleans Baptist Theological Seminary,177,82,,239,312,282,189,257,
440396,New Saint Andrews College,34,47,33,37,42,,44,45,
366368,New York Academy of Art,,,,,,,,,
193751,New York Chiropractic College,,,,,,,,,
418126,New York College of Health Professions,31,41,29,41,24,48,64,127,
194073,New York College of Podiatric Medicine,,,,,,,,,
439783,New York College of Traditional Chinese Medicine,,,,,,,,,
194091,New York Institute of Technology,849,889,894,713,742,712,832,898,
193821,New York Law School,,,,,,,,,
193830,New York Medical College,,,,,,,,,
194116,New York School of Interior Design,22,18,25,17,12,21,32,23,
193894,New York Theological Seminary,,,,,,,,,
193900,New York University,5752,6174,6022,6133,5917,5913,5207,5140,
218414,Newberry College,340,374,353,285,267,277,237,220,
155335,Newman University,184,183,212,180,163,174,165,192,
193973,Niagara University,626,515,590,625,643,618,700,641,
167260,Nichols College,343,355,375,351,327,400,380,331,
461795,North American University,56,60,50,95,111,87,80,126,
199209,North Carolina Wesleyan College,286,390,355,318,320,322,231,222,
147660,North Central College,557,550,603,589,599,576,529,552,
174437,North Central University,245,220,201,220,220,215,246,269,
218441,North Greenville University,404,504,536,485,542,584,504,527,
147679,North Park University,371,421,388,378,358,403,373,346,
439817,Northeastern Seminary,,,,,,,,,
167358,Northeastern University,2995,2746,3108,2676,2797,2944,2891,2664,
482705,Northeastern University Lifelong Learning Network,,,,,,,,,
147697,Northern Baptist Theological Seminary,,,,,,,,,
239512,Northland College,165,145,189,168,128,150,140,183,
217606,Northpoint Bible College,46,52,63,64,60,49,45,44,
443030,NorthShore University HealthSystem School of Nurse Anesthesia,,,,,,,,,
142461,Northwest Nazarene University,278,278,281,225,250,276,252,243,
236133,Northwest University,190,220,191,198,203,260,215,215,
487603,Northwest University-College of Adult and Professional Studies,85,95,103,83,91,,,,
154101,Northwestern College,293,271,281,282,260,315,284,302,
174507,Northwestern Health Sciences University,5,1,4,6,6,3,10,9,
147767,Northwestern University,2006,1931,1903,1985,2018,2043,2040,2037,
171492,Northwood University,300,283,285,338,352,367,299,326,
230995,Norwich University,663,682,684,799,597,657,590,603,
204468,Notre Dame College,341,297,305,286,345,338,334,386,
120184,Notre Dame de Namur University,120,179,169,157,173,177,172,182,
163578,Notre Dame of Maryland University,87,226,154,93,93,107,104,128,
136215,Nova Southeastern University,1526,1248,984,659,657,602,654,724,
194161,Nyack College,128,200,201,231,239,250,265,297,
174525,Oak Hills Christian College,13,24,26,19,22,28,29,28,
152099,Oakland City University,146,140,99,93,84,83,104,109,
101912,Oakwood University,299,318,368,391,338,374,365,408,
204501,Oberlin College,798,804,728,762,775,797,780,764,
227289,Oblate School of Theology,,,,,,,,,
120254,Occidental College,562,566,564,502,518,546,548,530,
140696,Oglethorpe University,401,334,334,333,326,282,284,277,
201964,Ohio Christian University,224,345,491,653,693,744,719,741,
204617,Ohio Dominican University,287,260,244,230,249,228,239,271,
204635,Ohio Northern University,608,682,640,598,585,628,613,630,
237640,Ohio Valley University,66,79,129,116,121,88,89,100,
204909,Ohio Wesleyan University,389,453,448,486,431,458,537,537,
194189,Ohr Hameir Theological Seminary,,,3,3,5,8,1,4,
207403,Oklahoma Baptist University,449,527,555,605,556,483,580,506,
207324,Oklahoma Christian University,397,454,513,454,450,506,530,451,
207458,Oklahoma City University,327,373,296,329,320,295,355,320,
206835,Oklahoma Wesleyan University,165,192,205,233,198,197,189,151,
171599,Olivet College,339,306,329,353,245,228,280,301,
147828,Olivet Nazarene University,696,692,752,704,734,780,753,672,
461120,Omega Graduate School,,,,,,,,,
207582,Oral Roberts University,554,573,632,486,453,403,397,469,
369659,Oregon College of Oriental Medicine,,,,,,,,,
120403,Otis College of Art and Design,274,277,203,203,191,238,160,183,
155636,Ottawa University-Kansas City,,,,3,3,,3,2,
428259,Ottawa University-Milwaukee,,,,1,1,1,,,
155627,Ottawa University-Ottawa,189,244,202,190,160,173,145,154,
105367,Ottawa University-Phoenix,,,,1,1,1,,4,
464226,Ottawa University-Surprise,195,224,,,,,,,
204936,Otterbein University,623,579,606,646,569,563,575,564,
107512,Ouachita Baptist University,441,443,468,396,412,420,393,363,
227331,Our Lady of the Lake University,330,374,338,216,308,357,338,321,
178679,Ozark Christian College,183,134,109,116,141,144,177,183,
194310,Pace University,1948,2013,2045,2031,2128,2033,1804,1848,
236230,Pacific Lutheran University,598,649,619,680,643,574,648,633,
209603,Pacific Northwest College of Art,109,131,82,81,70,74,61,78,
455406,Pacific Northwest University of Health Sciences,,,,,,,,,
120768,Pacific Oaks College,,24,,,,,,,
120795,Pacific School of Religion,,,,,,,,,
120838,Pacific States University,1,,,2,2,1,,1,
120865,Pacific Union College,169,163,204,252,251,326,335,291,
209612,Pacific University,416,421,424,431,479,459,421,460,
140720,Paine College,105,203,95,104,131,215,268,176,
136330,Palm Beach Atlantic University,520,526,533,505,551,524,578,439,
154174,Palmer College of Chiropractic,,,1,1,2,,6,5,
120698,Palo Alto University,,,,,,,,,
121628,Pardee RAND Graduate School,,,,,,,,,
178721,Park University,447,290,519,528,512,176,162,212,
243823,Parker University,41,140,57,38,5,20,26,34,
227429,Paul Quinn College,147,141,150,105,167,89,70,71,
194392,Paul Smiths College of Arts and Science,185,186,195,230,247,244,240,286,
204990,Payne Theological Seminary,,,,,,,,,
214883,Peirce College,50,44,87,64,81,116,51,135,
214971,Pennsylvania Academy of the Fine Arts,32,34,37,38,37,21,39,30,
215053,Pennsylvania College of Art and Design,64,54,72,75,71,59,52,63,
442356,Pennsylvania College of Health Sciences,115,92,183,126,193,229,179,153,
219842,Pentecostal Theological Seminary,,,,,,,,,
121150,Pepperdine University,726,803,862,743,745,656,784,787,
199306,Pfeiffer University,254,308,277,180,160,216,234,221,
215123,Philadelphia College of Osteopathic Medicine,,,,,,,,,
107600,Philander Smith College,253,297,334,291,174,112,135,168,
189282,Phillips School of Nursing at Mount Sinai Beth Israel,,1,1,1,2,7,5,7,
414966,Phillips Theological Seminary,,,,,,,,,
381459,Phoenix Seminary,,,,,,,,,
140818,Piedmont University,275,256,291,274,281,271,255,210,
440794,Pillar College,53,70,51,45,42,161,61,57,
167455,Pine Manor College,65,62,82,93,92,185,53,105,
215415,Pittsburgh Technical College,678,631,609,663,694,832,719,686,
215424,Pittsburgh Theological Seminary,,,,,,,,,
121257,Pitzer College,276,273,262,268,267,268,265,261,
121309,Point Loma Nazarene University,612,657,618,594,599,588,647,601,
215442,Point Park University,633,616,640,611,595,635,548,523,
138868,Point University,216,247,278,321,266,281,192,447,
456481,Polytechnic University of Puerto Rico-Miami,4,7,2,2,2,3,3,3,
456490,Polytechnic University of Puerto Rico-Orlando,15,16,19,6,4,1,1,4,
121345,Pomona College,416,412,411,411,400,450,397,399,
205027,Pontifical College Josephinum,7,19,11,13,16,19,14,19,
131405,Pontifical Faculty of the Immaculate Conception at the Dominican House of Studies,,,,,,,,,
455813,Pontifical John Paul II Institute for Studies on Marriage and Family,,,,,,,,,
167464,Pope St John XXIII National Seminary,,,,,,,,,
194578,Pratt Institute-Main,783,848,836,848,837,734,716,721,
218539,Presbyterian College,342,310,276,287,262,275,296,282,
490045,Presbyterian Theological Seminary in America,2,4,12,,,,,,
105589,Prescott College,51,46,64,47,35,41,40,64,
219295,Presentation College,69,98,114,139,110,104,131,110,
486433,Presidio Graduate School,,,,,,,,,
186122,Princeton Theological Seminary,,,,,,,,,
186131,Princeton University,1335,1338,1305,1305,1317,1310,1284,1357,
148016,Principia College,66,100,85,112,79,121,125,116,
455770,Providence Christian College,35,35,33,54,60,29,20,11,
217402,Providence College,1094,1122,1064,1058,1034,1032,1027,998,
199412,Queens University of Charlotte,338,369,386,279,284,287,316,359,
148131,Quincy University,215,262,234,287,278,214,275,262,
130226,Quinnipiac University,1552,1899,1966,1910,1903,1656,1800,1781,
384421,Rabbi Jacob Joseph School,23,6,28,24,25,19,32,29,
194657,Rabbinical Academy Mesivta Rabbi Chaim Berlin,36,39,26,38,31,29,44,36,
194693,Rabbinical College Beth Shraga,17,16,12,23,21,20,14,15,
194666,Rabbinical College Bobover Yeshiva Bnei Zion,66,69,70,50,57,45,36,43,
186186,Rabbinical College of America,46,54,61,40,42,37,19,25,
194736,Rabbinical College of Long Island,38,44,41,41,36,,,,
405854,Rabbinical College of Ohr Shimon Yisroel,27,21,26,21,48,50,27,37,
484871,Rabbinical College Ohr Yisroel,34,33,33,37,26,34,,,
205124,Rabbinical College Telshe,12,19,15,14,8,12,13,14,
194763,Rabbinical Seminary of America,97,76,101,75,90,111,107,91,
231837,Radford University-Carilion,,66,65,48,65,79,66,81,
207157,Randall University,57,78,77,59,107,70,41,54,
233301,Randolph College,143,166,202,187,184,191,216,180,
233295,Randolph-Macon College,432,420,374,396,405,427,382,411,
178891,Ranken Technical College,564,545,466,448,492,652,777,745,
215619,Reconstructionist Rabbinical College,,,,,,,,,
209922,Reed College,394,363,411,354,421,347,354,320,
215628,Reformed Presbyterian Theological Seminary,,,,,3,1,,,
490230,Reformed University,35,11,2,,,,,,
231651,Regent University,415,465,476,351,361,222,230,216,
167598,Regis College,212,229,272,317,267,249,266,278,
127918,Regis University,481,508,540,486,545,481,390,490,
140872,Reinhardt University,338,351,377,356,284,310,346,371,
492209,Reiss-Davis Graduate School,,,,,,,,,
475033,Relay Graduate School of Education,,,,,,,,,
223463,Remington College-Dallas Campus,162,156,219,258,205,291,330,352,
377111,Remington College-Fort Worth Campus,132,154,129,141,130,160,120,140,
412599,Remington College-Memphis Campus,190,181,151,168,173,250,264,283,
366535,Remington College-Mobile Campus,72,114,98,104,103,187,171,163,
445203,Remington College-North Houston Campus,141,154,118,159,164,156,147,183,
451866,Remington College-Shreveport Campus,78,83,102,72,71,103,108,89,
129428,Rensselaer at Hartford,,,,,,,,,
194824,Rensselaer Polytechnic Institute,1665,1778,1663,1691,1379,1331,1411,1326,
149763,Resurrection University,,,,,,,,,
217493,Rhode Island School of Design,480,473,451,456,464,462,455,434,
221351,Rhodes College,517,543,512,507,562,507,545,554,
227757,Rice University,961,958,1046,978,968,949,976,931,
441104,Richmont Graduate University,,,,,,,,,
186283,Rider University,863,926,1011,871,865,1008,911,754,
136774,Ringling College of Art and Design,442,429,367,355,306,270,257,312,
239628,Ripon College,221,267,234,214,216,211,238,205,
183211,Rivier University,243,273,266,289,187,176,223,225,
233426,Roanoke College,553,576,557,508,508,562,542,543,
215655,Robert Morris University,732,817,873,884,865,861,994,854,
148335,Robert Morris University Illinois,412,398,427,551,630,727,699,756,
194958,Roberts Wesleyan College,222,228,219,227,225,256,206,213,
195003,Rochester Institute of Technology,2683,2847,2758,2599,2907,2678,2784,2736,
170967,Rochester University,142,139,165,183,161,162,162,155,
195049,Rockefeller University,,,,,,,,,
148405,Rockford University,170,161,152,160,168,147,110,105,
179043,Rockhurst University,394,402,430,403,320,399,438,447,
180595,Rocky Mountain College,245,252,247,217,239,229,238,262,
217518,Roger Williams University,1113,1040,1135,1211,1023,1152,1116,997,
409616,Roger Williams University School of Law,,,,,,,,,
136950,Rollins College,556,549,530,538,493,540,477,518,
148487,Roosevelt University,305,324,360,337,361,607,444,553,
145558,Rosalind Franklin University of Medicine and Science,,,,,,,,,
152318,Rose-Hulman Institute of Technology,496,499,557,543,545,582,559,621,
445735,Roseman University of Health Sciences,,,,,,,,,
215691,Rosemont College,109,91,140,158,135,124,112,75,
148511,Rush University,,,,,,,,,
195128,Russell Sage College,234,370,202,206,263,283,297,285,
176318,Rust College,215,271,247,365,242,286,267,271,
172033,Sacred Heart Major Seminary,19,10,7,18,12,8,1,3,
239637,Sacred Heart Seminary and School of Theology,,,,,,,,,
130253,Sacred Heart University,1601,1465,1387,1322,1290,1385,1267,865,
154235,Saint Ambrose University,477,506,550,454,448,524,562,582,
183239,Saint Anselm College,509,591,546,518,528,523,508,527,
149028,Saint Anthony College of Nursing,1,,,1,1,,,,
148876,Saint Augustine College,139,160,182,190,256,275,292,271,
199582,Saint Augustine's University,267,211,332,353,212,268,327,412,
216047,Saint Charles Borromeo Seminary-Overbrook,5,12,9,17,26,14,10,7,
227845,Saint Edward's University,697,804,793,864,873,811,791,788,
186618,Saint Elizabeth University,170,182,164,167,101,141,124,146,
148575,Saint Francis Medical Center College of Nursing,,,,,,,,,
215743,Saint Francis University,405,363,377,351,416,393,403,432,
195720,Saint John Fisher College,601,601,626,576,553,597,521,578,
167677,Saint John's Seminary,,,,,,,,,
174792,Saint Johns University,414,404,469,465,459,455,500,451,
160409,Saint Joseph Seminary College,26,23,17,28,17,17,14,12,
161518,Saint Joseph's College of Maine,212,304,267,328,388,391,434,1220,
215770,Saint Joseph's University,1103,1130,1076,1274,1186,1361,1275,1231,
137032,Saint Leo University,782,561,536,610,656,616,639,634,
179256,Saint Louis Christian College,12,7,3,14,17,14,21,26,
179159,Saint Louis University,1902,1517,1633,1559,1625,1639,1638,1671,
179450,Saint Luke's College of Health Sciences,8,8,,,,,,,
236452,Saint Martin's University,337,241,279,241,179,154,158,228,
152390,Saint Mary's College,381,403,362,432,419,378,437,417,
123554,Saint Mary's College of California,517,627,646,562,650,581,622,623,
174817,Saint Mary's University of Minnesota,301,306,300,283,277,334,319,343,
152381,Saint Mary-of-the-Woods College,146,168,135,80,73,94,65,73,
152451,Saint Meinrad School of Theology,,,,,,,,,
231059,Saint Michael's College,392,449,409,461,464,574,506,544,
239716,Saint Norbert College,538,620,526,584,601,536,539,601,
179317,Saint Paul School of Theology,,,,,,,,,
186432,Saint Peter's University,431,563,651,626,569,584,610,396,
215798,Saint Vincent College,359,417,456,393,445,449,472,339,
136701,Saint Vincent de Paul Regional Seminary,,,,,,,,,
215813,Saint Vincent Seminary,,,,,,,,,
195580,Saint Vladimirs Orthodox Theological Seminary,,,,,,,,,
148627,Saint Xavier University,668,703,602,616,622,566,594,475,
199607,Salem College,109,103,163,204,186,202,181,172,
180647,Salish Kootenai College,111,123,164,138,146,105,123,93,
214564,Salus University,,,,,,,,,
217536,Salve Regina University,655,493,590,548,556,630,463,544,
102049,Samford University,901,958,857,916,826,730,765,708,
122296,Samuel Merritt University,,,,,,,,,
112084,San Diego Christian College,63,67,71,57,99,137,125,103,
122454,San Francisco Art Institute,32,53,53,62,86,81,72,82,
122506,San Francisco Conservatory of Music,57,61,61,54,34,41,33,37,
122649,San Joaquin College of Law,,,,,,,,,
481535,Sanford Burnham Prebys Medical Discovery Institute,,,,,,,,,
122931,Santa Clara University,1391,1392,1406,1317,1261,1319,1291,1278,
195304,Sarah Lawrence College,398,425,393,377,353,356,427,344,
140951,Savannah College of Art and Design,2769,2759,2429,2236,2049,1833,1691,1707,
123095,Saybrook University,,,,,,,,,
143048,School of the Art Institute of Chicago,619,631,651,634,574,604,577,563,
228042,Schreiner University,310,359,341,302,289,273,299,272,
123165,Scripps College,283,252,327,270,277,250,272,235,
236577,Seattle Pacific University,638,714,647,685,688,685,767,784,
236595,Seattle University,930,1083,957,985,999,931,964,903,
102058,Selma University,55,55,55,53,141,188,240,240,
232885,Sentara College of Health Sciences,,,,,,,,,
186584,Seton Hall University,1631,1525,1459,1243,1406,1265,1342,1461,
215947,Seton Hill University,397,383,424,366,392,335,386,347,
195438,Sh'or Yoshuv Rabbinical College,1,1,3,2,7,22,16,10,
123280,Shasta Bible College and Graduate School,2,5,6,9,9,4,14,10,
199643,Shaw University,254,391,493,643,402,469,537,507,
233541,Shenandoah University,503,443,438,460,446,417,418,459,
461485,Shepherds Theological Seminary,,,,,,,2,2,
218751,Sherman College of Chiropractic,,,,,,,,,
140988,Shorter University,324,323,264,319,262,296,309,277,
195474,Siena College,841,746,776,764,753,709,766,735,
172264,Siena Heights University,327,291,285,293,305,273,301,277,
182458,Sierra Nevada University,59,83,72,94,93,117,91,70,
461759,Simmons College of Kentucky,46,63,60,50,44,110,19,6,
167783,Simmons University,433,395,401,454,471,303,338,401,
154350,Simpson College,294,360,298,348,322,346,377,418,
123457,Simpson University,109,86,100,118,88,127,149,147,
219374,Sinte Gleska University,90,207,92,52,32,63,180,26,
219240,Sioux Falls Seminary,,,,,,,,,
231068,SIT Graduate Institute,,,,,,,,,
195526,Skidmore College,735,678,661,714,686,724,660,647,
167835,Smith College,633,613,638,654,609,616,643,651,
399911,Soka University of America,108,111,107,104,127,100,112,103,
123633,South Baylo University,,,,,,,,,
366003,South Florida Bible College and Theological Seminary,16,22,16,23,20,26,31,12,
228194,South Texas College of Law Houston,,,,,,,,,
417734,Southeast Missouri Hospital College of Nursing and Health Sciences,15,10,7,6,10,5,5,3,
176336,Southeastern Baptist College,15,33,18,10,11,12,8,7,
199759,Southeastern Baptist Theological Seminary,129,140,92,32,167,131,92,,
137564,Southeastern University,1389,1460,1226,1048,979,905,865,592,
221661,Southern Adventist University,512,502,567,502,539,559,490,569,
123952,Southern California Institute of Architecture,30,29,32,21,31,34,32,32,
117575,Southern California Seminary,,1,1,8,1,4,4,4,
117672,Southern California University of Health Sciences,2,2,2,2,1,,,,
221670,Southern College of Optometry,,,,,,,,,
228246,Southern Methodist University,1544,1530,1423,1522,1374,1459,1431,1426,
206862,Southern Nazarene University,283,290,297,268,284,270,283,275,
183026,Southern New Hampshire University,10485,9347,7191,4270,5225,3308,1965,1278,
233611,Southern Virginia University,328,311,331,270,237,224,224,205,
217776,Southern Wesleyan University,199,215,201,203,188,191,162,159,
179326,Southwest Baptist University,458,453,474,457,459,483,482,560,
420246,Southwest College of Naturopathic Medicine & Health Sciences,,,,,,,,,
228468,Southwestern Adventist University,107,128,129,134,147,165,167,119,
228325,Southwestern Assemblies of God University,317,303,330,331,286,319,345,298,
228486,Southwestern Christian College,39,35,94,56,59,63,60,85,
207856,Southwestern Christian University,113,134,131,162,124,155,209,131,
155900,Southwestern College,160,187,189,182,90,123,128,148,
188207,Southwestern College,,,,,,,,,
123970,Southwestern Law School,,,,,,,,,
228343,Southwestern University,444,442,362,381,359,382,491,357,
157757,Spalding University,139,185,171,168,197,206,213,200,
141060,Spelman College,516,571,548,533,566,552,559,523,
148982,Spertus College,,,,,,,,,
172334,Spring Arbor University,216,192,269,308,291,337,369,314,
102234,Spring Hill College,296,309,395,392,417,363,435,299,
167899,Springfield College,596,527,655,541,546,562,510,541,
475273,Springfield College-Regional  Online  and Continuing Education,,,,,,,,,
195155,St Bernard's School of Theology and Ministry,,,,,,,,,
195164,St Bonaventure University,492,551,439,433,390,435,438,486,
175005,St Catherine University,335,411,399,430,431,478,444,464,
195173,St Francis College,616,564,440,504,534,516,568,695,
123855,St John's Seminary,,,,,,,,,
195216,St Lawrence University,605,640,695,565,679,600,629,642,
154262,St Luke's College,6,10,4,4,8,5,1,4,
174844,St Olaf College,806,809,786,824,763,765,752,864,
199698,St. Andrews University,209,190,190,224,144,152,178,147,
137272,St. John Vianney College Seminary,7,8,9,10,9,6,17,11,
163976,St. John's College,127,122,122,127,102,136,122,118,
245652,St. John's College,74,71,70,67,76,76,83,99,
148593,St. John's College-Department of Nursing,,,,,,,,,
195809,St. John's University-New York,3135,3116,2967,3248,3253,2795,2794,2792,
195562,St. Joseph's College-Long Island,438,463,402,,,,,,
195544,St. Joseph's College-New York,212,202,172,629,516,511,547,589,
228149,St. Mary's University,545,640,643,587,593,469,596,584,
195243,St. Thomas Aquinas College,243,272,246,256,276,234,337,270,
137476,St. Thomas University,468,208,232,195,193,163,195,210,
243744,Stanford University,1698,1696,1700,1738,1719,1677,1674,1762,
123916,Starr King School for the Ministry,,,,,,,,,
179548,Stephens College,111,118,129,160,191,185,168,140,
155937,Sterling College,139,156,218,128,143,188,169,139,
231095,Sterling College,24,20,28,27,25,21,18,16,
137546,Stetson University,934,895,864,813,983,773,852,818,
186867,Stevens Institute of Technology,969,1009,762,737,686,734,622,614,
230621,Stevens-Henager College,24,21,35,22,30,27,40,249,
230630,Stevens-Henager College,6,10,20,15,13,20,44,41,
438151,Stevens-Henager College,22,14,29,92,92,147,79,604,
446677,Stevens-Henager College,5,9,8,16,17,8,26,22,
460899,Stevens-Henager College,23,20,57,37,43,35,70,330,
474906,Stevens-Henager College,14,7,17,12,10,10,27,13,
477950,Stevens-Henager College,7,7,15,11,16,15,15,16,
164173,Stevenson University,694,604,688,778,733,690,753,861,
102270,Stillman College,235,145,163,129,249,321,163,301,
167996,Stonehill College,652,650,667,734,656,610,610,814,
168005,Suffolk University,1084,1240,1061,1186,1334,1085,1165,1240,
447953,SUM Bible College and Theological Seminary,74,86,115,135,93,134,66,90,
181543,Summit Christian College,5,5,2,6,8,5,4,14,
216278,Susquehanna University,620,619,634,637,668,575,589,631,
216287,Swarthmore College,417,414,392,415,407,407,388,378,
233718,Sweet Briar College,103,110,79,134,24,154,197,176,
196413,Syracuse University,3660,3599,3649,3712,3481,3470,3487,3392,
155973,Tabor College,128,163,149,136,150,159,159,142,
102298,Talladega College,291,294,160,26,350,302,276,219,
137777,Talmudic College of Florida,13,8,17,11,19,10,4,11,
186900,Talmudical Academy-New Jersey,6,4,10,10,17,6,18,12,
196440,Talmudical Institute of Upstate New York,3,,6,1,,5,7,4,
451404,Talmudical Seminary of Bobov,94,102,79,104,79,77,68,32,
196431,Talmudical Seminary Oholei Torah,50,27,43,31,44,56,49,71,
216311,Talmudical Yeshiva of Philadelphia,36,36,38,37,36,36,38,34,
152530,Taylor University,490,532,448,472,519,435,460,498,
196468,Teachers College at Columbia University,,,,,,,,,
149329,Telshe Yeshiva-Chicago,19,26,13,20,21,18,18,18,
221731,Tennessee Wesleyan University,206,188,208,199,213,198,211,220,
228866,Texas Chiropractic College Foundation Inc,,,,,,,,,
228875,Texas Christian University,2159,2194,1955,1888,2078,1891,1936,1854,
228884,Texas College,194,274,266,264,139,176,242,146,
228981,Texas Lutheran University,419,364,417,377,395,309,346,355,
229160,Texas Wesleyan University,327,299,306,301,369,313,273,282,
132408,The Baptist College of Florida,28,33,40,34,40,35,48,42,
131283,The Catholic University of America,818,834,831,723,908,832,837,884,
455433,The Chicago School of Professional Psychology at Anaheim,,,,,,,,,
143978,The Chicago School of Professional Psychology at Chicago,,,,,,,,,
455664,The Chicago School of Professional Psychology at Los Angeles,1,24,14,21,,,,,
491190,The Chicago School of Professional Psychology at San Diego,,,,,,,,,
459745,The Chicago School of Professional Psychology at Washington DC,,,,,,,,,
487153,The Chicago School of Professional Psychology at Xavier University of Louisiana,,,,,,,,,
201821,The Christ College of Nursing and Health Sciences,103,79,79,74,55,36,30,33,
142294,The College of Idaho,361,286,268,238,201,276,292,292,
195234,The College of Saint Rose,640,616,577,641,632,534,621,590,
174899,The College of Saint Scholastica,450,397,482,451,440,461,432,477,
206589,The College of Wooster,543,569,568,545,566,547,560,573,
191320,The General Theological Seminary,,,,,,,,,
146241,The John Marshall Law School,,,,,,,,,
192110,The Juilliard School,116,121,110,113,110,129,109,108,
454184,The King's College,125,145,149,161,150,144,127,203,
439701,The King's University,23,19,22,29,44,46,53,68,
117751,The Master's University and Seminary,218,269,164,174,214,195,188,209,
167057,The New England Conservatory of Music,121,110,109,122,90,75,96,102,
193654,The New School,1467,1797,1596,1613,1296,1206,1038,1096,
475228,The Santa Barbara and Ventura Colleges of Law at Santa Barbara,,,,,,,,,
125037,The Santa Barbara and Ventura Colleges of Law at Ventura,,,,,,,,,
104665,The School of Architecture,,,,,,,,,
441131,The Seattle School of Theology & Psychology,,,,,,,,,
157748,The Southern Baptist Theological Seminary,144,202,141,156,154,113,120,94,
475237,The University of America,,,,,,,4,,
202763,The University of Findlay,520,560,594,544,714,619,581,575,
137847,The University of Tampa,2184,2164,2141,1907,1803,1753,1592,1518,
215105,The University of the Arts,401,425,410,413,404,374,457,417,
221519,The University of the South,438,477,448,514,469,466,488,453,
126012,The Wright Institute,,,,,,,,,
216348,Theological Seminary of the Reformed Episcopal Church,,,,,,,,,
216357,Thiel College,248,236,186,277,207,280,303,298,
124292,Thomas Aquinas College,117,121,90,87,79,89,88,84,
161563,Thomas College,215,246,234,279,257,218,260,248,
126049,Thomas Jefferson School of Law,,,,,,,,,
216366,Thomas Jefferson University,632,594,,,,,,,
183275,Thomas More College of Liberal Arts,21,23,13,22,14,21,14,25,
157809,Thomas More University,377,491,351,414,276,276,264,266,
141167,Thomas University,92,83,79,106,113,93,79,142,
206048,Tiffin University,442,481,455,461,488,520,487,1313,
141185,Toccoa Falls College,218,218,217,215,150,162,168,178,
196583,Torah Temimah Talmudical Seminary,7,3,21,16,21,36,53,52,
176406,Tougaloo College,125,152,196,201,154,170,153,243,
196592,Touro College,660,642,822,578,416,658,764,869,
459736,Touro University California,,,,,,,,,
459824,Touro University Nevada,,,,,,,,,
459727,Touro University Worldwide,42,31,39,34,27,13,18,6,
445054,Toyota Technological Institute at Chicago,,,,,,,,,
157818,Transylvania University,269,298,282,242,309,261,290,333,
221892,Trevecca Nazarene University,392,380,421,414,373,320,246,239,
206154,Tri-State Bible College,2,2,1,2,4,3,4,2,
152567,Trine University,618,641,602,461,470,523,372,468,
414878,Trine University-Regional/Non-Traditional Campuses,1,3,2,3,3,7,4,4,
137953,Trinity Baptist College,73,82,63,97,94,113,78,62,
200484,Trinity Bible College and Graduate School,37,57,52,55,46,71,53,61,
149505,Trinity Christian College,160,153,192,160,191,190,205,187,
130590,Trinity College,580,579,580,572,559,611,604,591,
137962,Trinity College of Florida,34,32,36,26,34,32,24,36,
146755,Trinity College of Nursing & Health Sciences,,,,,1,4,,,
216463,Trinity Episcopal School for Ministry,,,,,,,,,
135610,Trinity International University-Florida,20,7,2,6,7,,,,
149514,Trinity International University-Illinois,108,184,170,163,150,164,182,158,
123448,Trinity Law School,,,,,,,,,
229267,Trinity University,646,690,642,662,602,655,534,596,
131876,Trinity Washington University,246,222,267,237,241,298,274,264,
196653,Trocaire College,88,88,109,143,117,137,149,154,
141237,Truett McConnell University,215,285,214,222,210,209,199,192,
168148,Tufts University,1613,1541,1410,1336,1358,1350,1307,1307,
160755,Tulane University of Louisiana,1821,1909,1905,1856,1719,1647,1609,1641,
200527,Turtle Mountain Community College,118,122,129,124,117,123,120,113,
221953,Tusculum University,292,285,337,325,295,299,318,334,
102377,Tuskegee University,526,562,749,655,596,640,659,655,
246789,Unification Theological Seminary,,,,,,12,5,,
491525,Union Bible College,16,11,,,,,,,
157863,Union College,172,222,250,264,213,240,241,214,
181738,Union College,126,154,157,156,172,156,178,152,
196866,Union College,550,571,570,560,568,570,559,591,
206279,Union Institute & University,5,5,9,13,8,13,18,20,
233842,Union Presbyterian Seminary,,,,,,,,,
196884,Union Theological Seminary in the City of New York,,,,,,,,,
221971,Union University,326,376,348,336,349,395,550,457,
213631,United Lutheran Seminary,,,,,,,,,
102395,United States Sports Academy,,,,,,,,,
197018,United Talmudical Seminary,448,450,418,464,467,513,512,434,
206288,United Theological Seminary,,,,,,,,,
175139,United Theological Seminary of the Twin Cities,,,,,,,,,
200554,United Tribes Technical College,117,71,108,129,68,164,114,105,
161572,Unity College,206,192,175,215,198,183,146,120,
128744,University of Bridgeport,368,523,550,487,412,537,542,598,
237312,University of Charleston,282,305,343,304,319,335,272,241,
144050,University of Chicago,1726,1809,1736,1591,1537,1445,1426,1527,
224323,University of Dallas,382,376,419,371,393,342,380,354,
202480,University of Dayton,2035,2200,2226,1827,2149,2176,1787,2051,
127060,University of Denver,1351,1477,1504,1399,1432,1424,1407,1203,
169716,University of Detroit Mercy,530,583,550,532,516,469,493,481,
153278,University of Dubuque,398,526,520,441,444,447,443,448,
150534,University of Evansville,445,498,442,537,515,532,543,518,
457402,University of Fort Lauderdale,14,33,21,1,1,,,2,
129525,University of Hartford,1234,1220,1334,1301,1451,1217,1276,1289,
179265,University of Health Sciences and Pharmacy in St. Louis,90,107,106,120,188,195,246,247,
160065,University of Holy Cross,65,120,81,96,77,63,58,62,
151263,University of Indianapolis,1174,1222,1156,1032,978,992,834,860,
200156,University of Jamestown,256,264,235,262,231,211,262,222,
117140,University of La Verne,495,673,606,557,726,568,565,624,
232609,University of Lynchburg,477,538,543,521,527,512,512,517,
200217,University of Mary,432,530,437,407,405,422,423,402,
226471,University of Mary Hardin-Baylor,868,875,754,750,726,711,675,631,
135726,University of Miami,2204,2367,2212,2066,2084,2078,2151,2012,
101693,University of Mobile,266,253,228,224,289,275,259,230,
199069,University of Mount Olive,296,336,329,293,302,286,236,333,
204185,University of Mount Union,555,625,539,642,539,635,552,647,
161457,University of New England,712,635,651,722,626,576,633,633,
129941,University of New Haven,1285,1338,1449,1128,1244,1221,1174,1127,
204486,University of Northwestern Ohio,863,996,1090,1000,1242,1245,1362,1407,
174491,University of Northwestern-St Paul,408,418,401,423,450,441,468,471,
152080,University of Notre Dame,2051,2070,2051,2046,2007,2012,2070,2014,
215062,University of Pennsylvania,2388,2510,2449,2486,2423,2413,2410,2453,
157535,University of Pikeville,328,289,279,329,314,352,386,368,
209825,University of Portland,1004,1004,1003,961,941,1082,835,874,
180258,University of Providence,104,141,101,95,168,151,152,141,
236328,University of Puget Sound,615,653,593,674,652,663,670,631,
121691,University of Redlands,722,725,730,586,525,745,663,724,
122603,University of Redlands Graduate School of Theology,,,,,,,,,
233374,University of Richmond,832,832,801,817,808,817,807,781,
205203,University of Rio Grande,179,368,248,287,296,366,425,327,
195030,University of Rochester,1500,1522,1550,1461,1400,1436,1472,1343,
152336,University of Saint Francis-Fort Wayne,394,347,454,343,372,344,388,367,
130314,University of Saint Joseph,204,218,134,126,213,150,153,159,
488785,University of Saint Katherine,49,49,23,,,,,,
155812,University of Saint Mary,149,134,145,122,135,107,104,117,
148885,University of Saint Mary of the Lake,,,,,,,,,
122436,University of San Diego,1142,1310,1210,1133,1105,1129,1238,1074,
122612,University of San Francisco,1293,1542,1532,1587,1267,1502,1148,1354,
215929,University of Scranton,996,943,903,1006,912,1067,881,961,
219383,University of Sioux Falls,297,311,280,281,278,245,237,267,
123961,University of Southern California,3165,3401,3358,3068,2949,3098,2922,3021,
148584,University of St Francis,235,214,229,215,181,216,237,220,
174914,University of St Thomas,1579,1759,1498,1349,1435,1409,1368,1447,
227863,University of St Thomas,343,355,295,277,243,227,237,271,
156541,University of the Cumberlands,756,467,433,419,436,405,488,459,
225627,University of the Incarnate Word,1012,822,808,788,906,946,1045,1064,
107558,University of the Ozarks,209,273,259,189,211,171,159,157,
120883,University of the Pacific,808,954,899,726,937,924,958,852,
215132,University of the Sciences,426,323,353,314,323,360,440,483,
188182,University of the Southwest,93,84,108,119,100,60,50,58,
449870,University of the West,8,18,49,20,6,29,18,27,
207971,University of Tulsa,831,806,743,717,713,764,856,806,
216542,University of Valley Forge,110,105,104,139,149,121,134,179,
210438,University of Western States,,,1,,10,25,10,4,
154493,Upper Iowa University,211,186,219,234,271,371,267,246,
440004,Upper Valley Educators Institute,,,,,,,,,
455099,Urshan Graduate School of Theology,,,,,,,,,
216524,Ursinus College,431,378,402,382,429,497,425,456,
206349,Ursuline College,92,96,79,106,115,92,103,90,
446604,Uta Mesivta of Kiryas Joel,448,359,315,282,295,286,305,227,
197045,Utica College,515,588,548,685,645,472,488,506,
152600,Valparaiso University,647,756,807,862,742,714,876,772,
221999,Vanderbilt University,1604,1602,1607,1601,1607,1605,1613,1608,
149639,VanderCook College of Music,18,13,15,21,21,25,15,27,
123651,Vanguard University of Southern California,485,461,433,413,374,315,401,441,
197133,Vassar College,690,685,624,659,667,663,665,658,
188340,Vaughn College of Aeronautics and Technology,334,314,254,278,267,312,302,321,
455992,Vermont College of Fine Arts,,,,,,,,,
231147,Vermont Law School,,,,,,,,,
197142,Villa Maria College,134,131,133,148,137,109,124,75,
216597,Villanova University,1695,1688,1724,1678,1700,1669,1660,1643,
449834,Virginia Beach Theological Seminary,,,,,,,,,
234164,Virginia Union University,245,174,338,371,456,421,404,383,
490106,Virginia University of Integrative Medicine,,,,,,,,,
234137,Virginia University of Lynchburg,131,94,73,68,81,56,126,115,
234173,Virginia Wesleyan University,344,354,423,368,348,406,453,435,
449764,Visible Music College,34,38,30,28,18,22,31,25,
240107,Viterbo University,283,294,288,320,281,322,304,306,
218919,Voorhees College,163,149,176,150,105,138,141,188,
446613,W L Bonner College,,,1,9,9,1,,4,
152673,Wabash College,229,274,232,215,240,256,241,252,
197197,Wagner College,410,418,431,441,415,441,430,426,
199847,Wake Forest University,1360,1421,1349,1306,1284,1287,1230,1234,
236896,Walla Walla University,423,404,333,387,362,364,389,396,
172608,Walsh College,,,,,,,,,
206437,Walsh University,394,453,462,440,439,447,493,494,
210304,Warner Pacific University,60,66,68,98,101,142,85,86,
480198,Warner Pacific University Professional and Graduate Studies,2,,5,11,13,12,17,18,
138275,Warner University,214,204,262,182,226,193,179,200,
199865,Warren Wilson College,235,251,146,185,195,234,220,214,
154527,Wartburg College,398,469,451,445,366,464,451,484,
154536,Wartburg Theological Seminary,,,,,,,,,
216667,Washington & Jefferson College,291,351,339,429,389,399,326,376,
162210,Washington Adventist University,128,177,109,79,143,114,126,133,
234207,Washington and Lee University,462,474,471,466,454,471,480,479,
164216,Washington College,325,310,368,410,391,388,349,397,
179867,Washington University in St Louis,1732,1797,1778,1776,1731,1734,1608,1637,
392840,Watkins College of Art Design & Film,35,29,30,44,44,50,58,51,
229780,Wayland Baptist University,249,315,297,342,314,315,343,381,
216694,Waynesburg University,355,326,400,401,356,335,407,352,
197221,Webb Institute,26,25,26,28,26,24,26,22,
138293,Webber International University,203,187,173,178,181,149,205,183,
179894,Webster University,411,513,534,466,419,465,502,414,
190424,Weill Medical College of Cornell University,,,,,,,,,
220206,Welch College,80,109,78,58,45,56,63,62,
168218,Wellesley College,612,614,603,591,593,593,590,585,
197230,Wells College,132,147,137,132,168,163,161,197,
168227,Wentworth Institute of Technology,968,1039,974,980,997,1085,900,1068,
176451,Wesley Biblical Seminary,,,,,,,,,
131098,Wesley College,243,281,407,353,475,470,463,573,
131973,Wesley Theological Seminary,,,,,,,,,
141325,Wesleyan College,135,158,74,104,120,106,119,122,
130697,Wesleyan University,771,803,761,774,757,750,741,752,
237905,West Virginia University Hospital Departments of Rad Tech and Nutrition,,,,,,,15,15,
237969,West Virginia Wesleyan College,326,323,366,387,392,416,471,405,
490373,Western Michigan University Homer Stryker M.D. School of Medicine,,,,,,,,,
172477,Western Michigan University-Thomas M. Cooley Law School,,,,,,,,,
168254,Western New England University,691,751,770,723,719,757,691,798,
210368,Western Seminary,,,,,,,,,
172705,Western Theological Seminary,,,,,,,,,
112525,Western University of Health Sciences,,,,,,,,,
179946,Westminster College,142,173,174,222,244,212,266,260,
216807,Westminster College,279,348,332,371,299,281,309,322,
230807,Westminster College,283,438,369,434,468,485,449,501,
216816,Westminster Theological Seminary,,,,,,,,,
125718,Westminster Theological Seminary in California,,,,,,,,,
125727,Westmont College,406,344,353,343,335,375,279,325,
149781,Wheaton College,614,610,580,588,605,607,597,598,
168281,Wheaton College,451,496,502,528,417,423,458,466,
238078,Wheeling University,121,301,190,222,184,252,250,268,
237057,Whitman College,425,426,389,405,364,395,392,381,
125763,Whittier College,493,512,520,426,445,380,441,406,
237066,Whitworth University,683,696,505,595,584,619,593,631,
475200,Whitworth University-Adult Degree Programs,2,2,3,1,,,,,
216852,Widener University,762,775,787,738,848,737,828,717,
206491,Wilberforce University,135,246,136,217,182,33,70,115,
229887,Wiley College,75,131,175,222,151,234,289,319,
216931,Wilkes University,550,650,607,664,584,559,586,596,
210401,Willamette University,371,390,440,474,521,553,545,525,
176479,William Carey University,212,162,173,181,186,161,182,202,
166717,William James College,,,,,,,,,
122728,William Jessup University,194,212,169,200,147,217,165,136,
179955,William Jewell College,168,167,198,241,245,265,259,305,
199272,William Peace University,185,212,203,200,221,216,335,233,
154590,William Penn University,363,282,278,241,312,337,264,256,
179964,William Woods University,161,195,204,198,184,200,194,218,
107877,Williams Baptist University,198,156,142,113,128,162,154,132,
168342,Williams College,546,533,548,553,551,546,544,547,
443340,Williamson Christian College,8,3,6,3,2,4,9,4,
206507,Wilmington College,341,385,307,310,282,389,272,288,
131113,Wilmington University,511,612,948,682,642,551,840,767,
217013,Wilson College,199,189,165,128,116,107,71,75,
206516,Winebrenner Theological Seminary,,,,,,,,,
199962,Wingate University,943,933,1073,625,664,583,642,548,
240338,Wisconsin Lutheran College,214,292,233,228,267,220,229,243,
240213,Wisconsin School of Professional Psychology,,,,,,,,,
206525,Wittenberg University,344,485,539,553,493,516,549,489,
218973,Wofford College,474,465,452,440,442,487,415,438,
491631,Women's Institute of Torah Seminary and College,3,3,,,,,,,
442064,Won Institute of Graduate Studies,,,,,,,,,
488907,Wongu University of Oriental Medicine,,,,,,,,,
125897,Woodbury University,203,180,116,137,122,142,100,180,
168421,Worcester Polytechnic Institute,1199,1276,1124,1120,1093,1056,1103,951,
401223,World Mission University,32,29,26,7,10,13,5,9,
486460,Wright Graduate University for the Realization of Human Potential,,,,,,,,,
206622,Xavier University,1210,1401,1239,1115,1154,1214,1289,1066,
160904,Xavier University of Louisiana,832,865,716,762,684,579,675,661,
130794,Yale University,1550,1573,1579,1367,1363,1360,1358,1355,
490319,Yeshiva Bais Aharon,7,6,13,,,,,,
491622,Yeshiva Chemdas Hatorah,23,20,,,,,,,
434937,Yeshiva College of the Nations Capital,,5,2,4,7,6,1,12,
420325,Yeshiva D'monsey Rabbinical College,24,18,19,10,4,6,8,6,
197647,Yeshiva Derech Chaim,22,25,22,11,22,11,27,21,
491914,Yeshiva Gedola Tiferes Yerachmiel,19,23,,,,,,,
375230,Yeshiva Gedolah Imrei Yosef D'spinka,40,37,13,18,10,9,10,11,
491640,Yeshiva Gedolah Keren Hatorah,34,39,,,,,,,
481410,Yeshiva Gedolah Kesser Torah,16,23,20,20,21,11,12,,
491710,Yeshiva Gedolah of Cliffwood,22,21,,,,,,,
247773,Yeshiva Gedolah of Greater Detroit,20,15,13,13,14,19,15,19,
488350,Yeshiva Gedolah Shaarei Shmuel,18,18,23,19,,,,,
491613,Yeshiva Gedolah Tiferes Boruch,18,17,,,,,,,
476692,Yeshiva Gedolah Zichron Leyma,4,6,5,,7,6,3,3,
197601,Yeshiva Karlin Stolin,25,35,34,20,28,34,20,30,
491057,Yeshiva Kollel Tifereth Elizer,3,5,7,,,,,,
190752,Yeshiva of Far Rockaway Derech Ayson Rabbinical Seminary,11,10,15,10,11,6,12,,
455257,Yeshiva of Machzikai Hadas,90,80,66,83,85,106,69,71,
197674,Yeshiva of Nitra Rabbinical College,60,53,45,65,56,83,69,83,
431983,Yeshiva of the Telshe Alumni,2,18,33,27,23,26,37,18,
126076,Yeshiva Ohr Elchonon Chabad West Coast Talmudical Seminary,55,60,45,50,61,54,46,48,
490504,Yeshiva Ohr Naftoli,6,8,11,,,,,,
486017,Yeshiva Ohr Yisrael,5,7,8,1,1,,,,
490276,Yeshiva Shaar Ephraim,31,32,38,,,,,,
197692,Yeshiva Shaar Hatorah,29,30,22,25,29,16,24,29,
441609,Yeshiva Shaarei Torah of Rockland,8,,,,,,5,2,
486026,Yeshiva Sholom Shachna,30,25,34,19,28,,,,
451398,Yeshiva Toras Chaim,53,52,57,56,59,57,54,60,
197708,Yeshiva University,559,561,619,541,555,812,862,916,
481438,Yeshiva Yesodei Hatorah,28,23,27,19,17,23,23,,
487746,Yeshiva Zichron Aryeh,2,2,2,,,,,,
363712,Yeshivah Gedolah Rabbinical College,19,10,11,11,11,19,18,25,
451370,Yeshivas Be'er Yitzchok,8,7,7,5,9,10,8,3,
491765,Yeshivas Emek Hatorah,26,,,,,,,,
488101,Yeshivas Maharit D'Satmar,41,26,14,13,,,,,
405058,Yeshivas Novominsk,48,52,43,41,42,49,42,49,
217040,Yeshivath Beth Moshe,15,9,4,9,19,17,17,14,
197735,Yeshivath Viznitz,150,98,109,108,108,101,111,90,
197744,Yeshivath Zichron Moshe,8,10,10,8,12,11,12,17,
401250,Yo San University of Traditional Chinese Medicine,,,,,,,,,
181853,York College,115,113,133,97,110,85,94,90,
217059,York College of Pennsylvania,946,979,998,903,903,1091,1071,1143,
141361,Young Harris College,265,309,268,338,346,448,420,387,
458575,Zaytuna College,,1,,7,8,,,,