UnitID,Institution Name,Full-time adjusted fall 2018 cohort (EF2019D_RV),Full-time adjusted fall 2017 cohort (EF2018D_RV),Full-time adjusted fall 2016 cohort (EF2017D_RV),Full-time adjusted fall 2015 cohort (EF2016D_RV),Full-time adjusted fall 2014 cohort (EF2015D_RV),Full-time adjusted fall 2013 cohort (EF2014D_RV),Full-time adjusted fall 2012 cohort (EF2013D_RV),Full-time adjusted fall 2011 cohort (EF2012D_RV),
177834,A T Still University of Health Sciences,,,,,,,,,
222178,Abilene Christian University,905,940,993,1068,973,1026,957,863,
451079,Academy for Five Element Acupuncture,,,,,,,,,
457271,Academy for Jewish Religion-California,,,,,,,,,
108269,Academy of Chinese Culture and Health Sciences,,,,,,,,,
210508,Academy of Vocal Arts,,,,,,,,,
384306,Acupuncture and Integrative Medicine College-Berkeley,,,,,,,,,
188429,Adelphi University,1237,1121,1215,854,954,903,996,979,
374024,Adler Graduate School,,,,,,,,,
142832,Adler University,,,,,,,,,
168528,Adrian College,633,529,490,484,484,446,592,461,
133872,AdventHealth University,69,86,73,53,59,33,56,2,
138600,Agnes Scott College,324,251,272,271,225,252,232,228,
152822,AIB College of Business,,,,,129,147,0,0,
102580,Alaska Bible College,7,1,1,5,6,3,5,2,
102669,Alaska Pacific University,36,32,37,39,18,31,27,17,
188526,Albany College of Pharmacy and Health Sciences,191,185,153,188,213,243,247,212,
188535,Albany Law School,,,,,,,,,
188580,Albany Medical College,,,,,,,,,
128498,Albertus Magnus College,169,115,129,142,157,137,121,150,
168546,Albion College,428,515,402,455,357,346,360,385,
132842,Albizu University-Miami,5,15,7,5,6,9,4,8,
210571,Albright College,575,464,596,493,540,655,410,519,
237118,Alderson Broaddus University,256,309,260,333,346,438,394,137,
188641,Alfred University,437,418,417,452,489,535,536,559,
156189,Alice Lloyd College,203,209,90,205,207,189,199,182,
210669,Allegheny College,469,481,551,489,472,600,584,559,
200873,Allegheny Wesleyan College,12,15,18,10,24,15,11,8,
152798,Allen College,0,0,0,0,0,1,0,0,
217624,Allen University,256,183,135,172,189,179,121,179,
110468,Alliant International University-San Diego,0,9,0,11,16,24,4,0,
168591,Alma College,404,408,447,336,356,375,435,392,
210775,Alvernia University,434,371,345,401,376,389,411,376,
238193,Alverno College,164,187,162,223,192,202,191,191,
222628,Amberton University,,,,,,,,,
219505,American Baptist College,13,6,13,11,9,9,5,14,
210809,American College of Financial Services,,,,,,,,,
430591,American College of Traditional Chinese Medicine,,,,,,,,,
109086,American Conservatory Theater,0,0,0,0,0,,,,
108870,American Film Institute Conservatory,,,,,,,,,
103787,American Indian College Inc,,,,,17,14,6,8,
164447,American International College,342,369,320,337,308,344,307,256,
116846,American Jewish University,,10,4,8,12,7,12,8,
188854,American Musical and Dramatic Academy,172,180,163,183,204,161,177,205,
131159,American University,1752,1776,1676,1779,1784,1623,1594,1538,
164465,Amherst College,492,471,471,477,469,466,463,461,
100690,Amridge University,0,0,0,11,3,3,8,8,
151865,Anabaptist Mennonite Biblical Seminary,,,,,,,,,
150066,Anderson University,396,346,423,421,432,434,515,505,
217633,Anderson University,642,679,668,665,646,502,530,511,
164474,Andover Newton Theological School,,,,,,,,,
168740,Andrews University,289,272,296,265,259,307,383,367,
164492,Anna Maria College,318,272,218,232,168,242,246,223,
458113,Antioch College AG,0,0,6,2,2,1,4,7,
245838,Antioch University-Los Angeles,,,,,,,,,
245892,Antioch University-Midwest,,,,,,,,,
245865,Antioch University-New England,,,,,,,,,
442392,Antioch University-PhD Program in Leadership and Change,,,,,,,,,
245847,Antioch University-Santa Barbara,,,,,,,,,
245883,Antioch University-Seattle,,,,,0,,25,25,
441511,Apex School of Theology,,67,54,87,33,44,70,70,
172972,Apostolic Bible Institute Inc,,,,,,,,8,
237136,Appalachian Bible College,38,33,27,24,21,48,47,35,
449922,Appalachian College of Pharmacy,,,,,,,,,
432348,Appalachian School of Law,,,,,,,,,
168786,Aquinas College,332,312,296,367,352,390,451,369,
219578,Aquinas College,,,,29,15,19,8,11,
176600,Aquinas Institute of Theology,,,,,,,,,
211088,Arcadia University,472,565,600,598,673,597,678,510,
105899,Arizona Christian University,153,152,129,102,154,90,94,98,
106306,Arkansas Baptist College,14,14,5,18,16,22,256,313,
222877,Arlington Baptist University,37,21,25,33,40,43,52,47,
201061,Art Academy of Cincinnati,63,30,51,58,50,54,38,66,
109651,Art Center College of Design,234,220,210,172,169,161,158,137,
156222,Asbury Theological Seminary,,,,,,,,,
156213,Asbury University,273,318,306,309,303,322,322,308,
201104,Ashland University,605,613,615,587,604,621,559,608,
164562,Assumption University,553,492,577,570,571,502,559,607,
201140,Athenaeum of Ohio,,,,,,,,,
439446,Atlantic Institute of Oriental Medicine,,,,,,,,,
173045,Augsburg University,418,435,472,478,391,463,380,382,
417345,Augusta Area Dietetic Internship-University Hospital,,,,,,,,,
143084,Augustana College,630,734,697,677,726,627,656,707,
219000,Augustana University,455,479,421,367,396,367,404,429,
143118,Aurora University,762,798,652,625,591,642,501,471,
222983,Austin College,435,332,345,355,357,364,308,359,
247825,Austin Graduate School of Theology,,,,,,,,,
223001,Austin Presbyterian Theological Seminary,,,,,,,,,
442295,Ave Maria School of Law,,,,,,,,,
446048,Ave Maria University,331,266,266,301,304,254,255,215,
231420,Averett University,291,279,236,265,213,235,257,252,
449931,Averett University-Non-Traditional Programs,4,1,1,1,0,2,0,0,
176628,Avila University,168,183,203,202,204,182,210,138,
109785,Azusa Pacific University,998,996,1134,1198,1039,1217,1247,1175,
164580,Babson College,539,550,588,528,506,489,470,479,
206817,Bacone College,26,297,330,137,171,132,160,109,
476601,Bais HaMedrash and Mesivta of Baltimore,22,25,20,22,24,24,17,22,
245777,Bais Medrash Elyon,4,0,0,0,,0,1,1,
449658,Bais Medrash Toras Chesed,24,28,25,28,26,28,28,27,
168847,Baker College,180,187,386,478,466,85,101,105,
414708,Baker College Center for Graduate Studies,,,,,,30,0,27,
444167,Baker College of Allen Park,,,,,,46,24,25,
404073,Baker College of Auburn Hills,,,,,,11,13,27,
404648,Baker College of Cadillac,,,,,,10,6,5,
404082,Baker College of Clinton Township,,,,,,41,45,56,
414160,Baker College of Jackson,,,,,,27,29,33,
171298,Baker College of Muskegon,,,,,,57,49,54,
168838,Baker College of Owosso,,,,,,48,48,49,
381617,Baker College of Port Huron,,,,,,9,13,20,
154688,Baker University,244,256,238,182,224,235,202,199,
420705,Bakke Graduate University,,,,,,,,,
201195,Baldwin Wallace University,677,685,705,766,717,762,712,664,
160968,Bangor Theological Seminary,,,,,,,,,
189015,Bank Street College of Education,,,,,,,,,
176664,Baptist Bible College,36,34,76,87,76,55,51,71,
219639,Baptist Health Sciences University,98,80,65,60,71,88,66,35,
223117,Baptist Missionary Association Theological Seminary,0,0,0,0,0,0,0,4,
366793,Baptist Theological Seminary at Richmond,,,,,,,,,
444398,Baptist University of the Americas,9,11,19,17,19,15,21,34,
155070,Barclay College,31,29,34,37,41,37,40,38,
189088,Bard College,486,469,499,455,560,486,528,486,
167792,Bard College at Simon's Rock,145,168,144,116,116,144,145,115,
189097,Barnard College,602,595,592,626,610,573,594,606,
177719,Barnes-Jewish College Goldfarb School of Nursing,,,,,,,,,
132471,Barry University,638,603,479,431,459,562,622,662,
197911,Barton College,277,198,240,218,185,215,201,235,
235547,Bastyr University,,,,,,,,,
160977,Bates College,543,510,498,516,491,500,502,501,
164632,Bay Path University,132,144,153,178,128,136,155,148,
223223,Baylor College of Medicine,,,,,,,,,
223232,Baylor University,3364,3316,3496,3390,3622,3187,3251,3031,
476717,Be'er Yaakov Talmudic Seminary,148,115,144,151,121,101,99,64,
384254,Beacon College,89,82,66,60,52,41,39,34,
164720,Becker College,286,360,394,376,365,315,334,330,
444413,Beis Medrash Heichal Dovid,38,34,39,43,32,32,48,41,
175421,Belhaven University,204,221,225,269,285,217,220,213,
156286,Bellarmine University,651,680,634,707,665,674,606,595,
180814,Bellevue University,89,35,27,53,75,87,2,6,
238324,Bellin College,41,34,35,28,26,41,24,21,
197984,Belmont Abbey College,392,399,358,308,291,285,300,269,
219709,Belmont University,1561,1564,1568,1387,1392,1243,1254,1153,
238333,Beloit College,266,323,382,392,299,299,311,315,
217721,Benedict College,705,557,602,656,542,554,735,985,
154712,Benedictine College,570,436,508,508,487,494,482,472,
145619,Benedictine University,453,420,552,448,667,621,605,525,
165884,Benjamin Franklin Institute of Technology,1,0,0,0,0,0,0,0,
197993,Bennett College,173,173,115,157,166,194,215,158,
230816,Bennington College,198,219,196,215,192,140,198,212,
164739,Bentley University,1014,1018,1041,913,978,974,976,908,
156295,Berea College,438,432,418,432,416,397,391,418,
461643,Bergin University of Canine Studies,,,,,,,,,
108861,Berkeley School of Theology,,,,,,,,,
164748,Berklee College of Music,1196,1263,1230,1142,788,768,778,800,
139144,Berry College,509,552,534,575,568,672,618,557,
189273,Beth Hamedrash Shaarei Yosher Institute,23,20,11,12,12,18,16,20,
189264,Beth Hatalmud Rabbinical College,,1,1,1,5,9,13,14,
183804,Beth Medrash Govoha,,,,,,,,,
154721,Bethany College,291,279,207,171,188,181,131,149,
237181,Bethany College,174,160,127,218,244,180,264,214,
173142,Bethany Lutheran College,175,136,138,134,141,146,136,162,
143233,Bethany Theological Seminary,,,,,,,,,
154749,Bethel College-North Newton,107,122,101,129,110,123,101,126,
369817,Bethel Seminary of the East,,,,,,,,,
262022,Bethel Seminary-San Diego,,,,,,,,,
173179,Bethel Seminary-St Paul,,,,,,,,,
150145,Bethel University,295,224,236,280,220,245,226,271,
173160,Bethel University,608,581,557,614,602,610,575,640,
219718,Bethel University,408,446,400,476,467,445,630,441,
110060,Bethesda University,28,64,65,59,40,34,28,35,
132602,Bethune-Cookman University,937,1175,1161,899,939,1017,886,885,
139153,Beulah Heights University,3,6,1,35,24,57,27,44,
148724,Bexley Hall Seabury Western Theological Seminary Federation,,,,,,,,,
443702,Bexley Hall Seabury Western Theological Seminary Federation  Inc.,,,,,,,,,
110097,Biola University,857,890,863,827,943,900,914,924,
100937,Birmingham-Southern College,328,349,328,441,352,356,326,278,
442949,Birthingway College of Midwifery,,,,,,,,,
143288,Blackburn College,167,145,169,159,167,115,135,141,
143297,Blessing Rieman College of Nursing and Health Sciences,,,,,,,,,
183822,Bloomfield College,391,404,503,431,432,416,375,383,
175430,Blue Mountain College,127,126,109,56,74,81,70,87,
231554,Bluefield College,208,208,178,149,157,120,136,153,
201371,Bluffton University,174,211,208,217,218,250,239,250,
142090,Boise Bible College,10,17,21,30,42,47,50,61,
233356,Bon Secours Memorial College of Nursing,,,,,,4,3,1,
189413,Boricua College,50,91,112,119,209,211,236,278,
164872,Boston Architectural College,19,26,22,38,24,15,20,29,
164614,Boston Baptist College,7,10,7,10,6,17,19,14,
164924,Boston College,2326,2410,2316,2309,2342,2305,2289,2238,
164915,Boston Graduate School of Psychoanalysis Inc,,,,,,,,,
164988,Boston University,3590,3482,3538,3611,3908,3798,3871,4022,
161004,Bowdoin College,509,501,503,500,501,497,492,483,
143358,Bradley University,1088,1262,1093,924,947,1081,1015,1015,
165015,Brandeis University,894,856,835,801,854,831,803,857,
262086,Brandman University,0,0,3,10,0,0,0,0,
139199,Brenau University,217,254,142,191,196,201,169,178,
156356,Brescia University,229,126,123,148,164,151,163,148,
198066,Brevard College,266,244,230,246,217,242,219,190,
139205,Brewton-Parker College,195,166,152,103,111,147,134,121,
152992,Briar Cliff University,181,158,210,185,206,179,232,237,
231581,Bridgewater College,590,534,600,540,487,536,552,471,
230047,Brigham Young University-Hawaii,384,465,328,395,389,384,318,411,
142522,Brigham Young University-Idaho,2965,3190,2852,2047,1113,1197,1097,1859,
230038,Brigham Young University-Provo,3305,3345,3200,3141,2172,2375,2235,3670,
450304,Brite Divinity School,,,,,,,,,
189501,Brooklyn Law School,,,,,,,,,
217156,Brown University,1651,1636,1674,1613,1559,1542,1536,1507,
180878,Bryan College of Health Sciences,60,47,50,43,50,35,35,30,
219790,Bryan College-Dayton,186,163,188,149,188,187,195,234,
217165,Bryant University,865,892,841,908,825,889,770,814,
210492,Bryn Athyn College of the New Church,66,96,72,84,85,80,54,81,
211273,Bryn Mawr College,390,354,407,385,351,365,365,361,
211291,Bucknell University,973,973,950,938,939,933,915,916,
153001,Buena Vista University,201,203,183,223,200,267,228,203,
230825,Burlington College,,,,,31,32,26,36,
209409,Bushnell University,100,102,81,83,78,82,68,58,
150163,Butler University,1326,1054,1254,1022,969,1014,1101,926,
444103,Byzantine Catholic Seminary of Saints Cyril and Methodius,,,,,,,,,
198109,Cabarrus College of Health Sciences,0,0,0,0,0,0,0,17,
211352,Cabrini University,441,492,481,392,392,303,382,322,
215114,Cairn University-Langhorne,167,140,144,159,159,137,139,114,
183910,Caldwell University,494,361,400,347,386,330,289,306,
110361,California Baptist University,1567,1374,1117,1076,1061,967,876,775,
110918,California Christian College,1,3,1,0,0,2,3,8,
110370,California College of the Arts,263,235,255,241,273,232,232,232,
110316,California Institute of Integral Studies,,,,,,,,,
110404,California Institute of Technology,230,235,235,240,225,247,264,242,
111081,California Institute of the Arts,214,213,184,193,186,172,180,133,
110413,California Lutheran University,681,585,638,595,556,540,558,502,
460075,California University of Management and Sciences,,,8,4,4,7,7,,
111391,California Western School of Law,,,,,,,,,
150172,Calumet College of Saint Joseph,104,95,101,109,113,149,120,103,
211370,Calvary Baptist Theological Seminary,,,,,,,,,
176789,Calvary University,46,37,23,27,36,37,32,30,
169099,Calvin Theological Seminary,,,,,,,,,
169080,Calvin University,823,887,904,941,949,1006,977,960,
165167,Cambridge College,9,7,6,8,10,28,24,27,
198136,Campbell University,809,774,882,952,871,771,821,867,
156365,Campbellsville University,608,502,537,462,511,514,568,504,
189705,Canisius College,483,553,594,600,613,680,712,810,
201548,Capital University,585,594,611,670,706,690,663,623,
162061,Capitol Technology University,83,60,94,82,52,51,65,67,
238430,Cardinal Stritch University,130,139,164,160,187,195,162,137,
173258,Carleton College,529,522,566,491,519,527,528,518,
211431,Carlow University,247,241,216,219,197,203,210,220,
211440,Carnegie Mellon University,1567,1667,1537,1564,1468,1439,1401,1431,
199971,Carolina Christian College,10,1,1,2,2,2,3,9,
461032,Carolina College of Biblical Studies,2,5,2,3,3,4,4,4,
180106,Carroll College,254,294,338,387,353,315,383,343,
238458,Carroll University,710,717,667,755,758,678,712,813,
219806,Carson-Newman University,479,394,505,497,488,478,453,445,
238476,Carthage College,761,705,722,751,704,714,718,679,
139287,Carver Bible College,,,4,11,17,21,14,15,
201645,Case Western Reserve University,1392,1307,1264,1256,1282,1250,1371,902,
198215,Catawba College,338,332,349,311,344,333,290,301,
218089,Cathedral Bible College,,,,,,,17,8,
143659,Catholic Theological Union at Chicago,,,,,,,,,
189848,Cazenovia College,204,165,199,250,265,345,268,270,
211468,Cedar Crest College,207,213,181,179,170,140,145,117,
201654,Cedarville University,910,870,769,819,786,779,831,851,
158477,Centenary College of Louisiana,169,173,130,157,140,127,158,239,
183974,Centenary University,224,212,237,218,230,206,275,290,
106713,Central Baptist College,125,136,125,107,91,76,52,104,
154837,Central Baptist Theological Seminary,,,,,0,0,0,0,
176938,Central Bible College,,,,,,,,59,
154855,Central Christian College of Kansas,126,160,99,145,163,116,115,108,
176910,Central Christian College of the Bible,36,36,52,42,51,48,47,50,
153108,Central College,278,322,323,317,429,309,320,412,
445267,Central Methodist University-College of Graduate and Extended Studies,2,3,1,3,0,,,,
176947,Central Methodist University-College of Liberal Arts and Sciences,318,275,262,280,331,291,302,281,
189857,Central Yeshiva Tomchei Tmimim Lubavitz,39,36,28,62,85,92,78,86,
156408,Centre College,357,401,400,374,385,377,351,374,
141486,Chaminade University of Honolulu,184,210,256,211,238,263,233,304,
230852,Champlain College,536,586,636,548,619,579,601,488,
111948,Chapman University,1606,1644,1485,1419,1418,1284,1273,1267,
111966,Charles R Drew University of Medicine and Science,27,17,0,0,,4,1,6,
217688,Charleston Southern University,582,624,722,749,652,656,626,694,
444778,Charlotte Christian College and Theological Seminary,0,1,3,3,0,1,4,6,
211556,Chatham University,280,284,194,210,102,92,117,130,
183345,Chester College of New England,,,,,,,,,
211583,Chestnut Hill College,164,206,238,206,186,190,210,239,
144014,Chicago Theological Seminary,,,,,,,,,
198303,Chowan University,414,526,522,551,531,474,514,578,
189981,Christ the King Seminary,,,,,,,,,
219833,Christian Brothers University,393,384,334,311,351,262,252,307,
260947,Christian Life College,,,1,3,3,2,3,3,
150215,Christian Theological Seminary,,,,,,,,,
112127,Church Divinity School of the Pacific,,,,,,,,,
201858,Cincinnati Christian University,,118,197,94,96,103,100,104,
201867,Cincinnati College of Mortuary Science,,,,,,,,,
244233,City College-Fort Lauderdale,0,0,0,0,0,0,0,0,
406547,City College-Gainesville,0,0,0,0,0,0,0,0,
434539,City College-Miami,0,0,0,0,0,0,0,0,
234915,City University of Seattle,,4,0,0,,,5,6,
457697,City Vision University,0,0,0,0,0,0,1,0,
217873,Claflin University,572,519,490,449,389,384,440,408,
112251,Claremont Graduate University,,,,,,,,,
112260,Claremont McKenna College,324,352,321,343,327,337,291,305,
124283,Claremont School of Theology,,,,,,,,,
138947,Clark Atlanta University,918,910,987,828,706,767,624,820,
165334,Clark University,582,615,543,669,547,614,587,544,
153126,Clarke University,196,162,158,180,183,180,155,163,
211024,Clarks Summit University,73,80,80,73,78,85,77,126,
180832,Clarkson College,17,23,26,26,28,32,35,16,
190044,Clarkson University,797,677,797,792,767,757,777,851,
156417,Clear Creek Baptist Bible College,14,3,4,17,10,5,10,14,
133085,Clearwater Christian College,,,,,,125,115,122,
169327,Cleary University,53,80,52,47,55,43,30,5,
202046,Cleveland Institute of Art,175,154,161,168,139,137,138,127,
202073,Cleveland Institute of Music,62,58,59,62,55,60,60,55,
177038,Cleveland University-Kansas City,2,1,2,3,2,0,1,2,
153144,Coe College,393,400,374,377,376,388,363,361,
217907,Coker University,280,206,254,221,229,235,187,206,
161086,Colby College,623,600,540,508,480,483,493,467,
182634,Colby-Sawyer College,235,271,252,267,331,399,508,448,
112446,Coleman University,,,6,27,0,0,0,0,
190080,Colgate Rochester Crozer Divinity School,,,,,,,,,
190099,Colgate University,815,771,766,771,767,759,756,764,
169442,College for Creative Studies,245,237,256,259,232,218,247,216,
439613,College of Biblical Studies,,2,2,7,13,10,10,20,
388520,College of Biblical Studies-Houston,0,0,5,3,10,6,4,1,
413617,College of Menominee Nation,3,1,1,1,7,5,24,15,
193399,College of Mount Saint Vincent,412,447,436,321,518,386,486,438,
167394,College of Our Lady of the Elms,141,173,163,182,187,187,194,198,
174747,College of Saint Benedict,437,519,503,476,542,538,490,525,
181604,College of Saint Mary,119,101,102,77,71,89,91,88,
231077,College of St Joseph,,67,52,34,80,29,22,38,
160959,College of the Atlantic,82,91,79,81,79,103,72,76,
166124,College of the Holy Cross,868,819,764,738,773,719,763,751,
178697,College of the Ozarks,314,367,384,344,254,355,243,279,
174932,College of Visual Arts,,,,,,,,44,
126669,Colorado Christian University,414,381,402,351,380,347,314,289,
126678,Colorado College,544,544,533,583,549,522,510,484,
367839,Colorado Heights University,,,,5,8,32,25,24,
177065,Columbia College,244,263,322,334,362,394,450,536,
217934,Columbia College,160,159,146,185,136,127,187,193,
144281,Columbia College Chicago,1294,1432,1533,1763,1786,2125,2024,2093,
112570,Columbia College Hollywood,89,84,59,73,56,40,44,40,
238573,Columbia College of Nursing,,,,,,,,,
217925,Columbia International University,108,87,78,91,85,101,101,79,
139348,Columbia Theological Seminary,,,,,,,,,
190150,Columbia University in the City of New York,1433,1428,1437,1456,1490,1476,1431,1386,
202170,Columbus College of Art and Design,242,254,240,243,244,234,257,274,
177083,Conception Seminary College,8,14,11,19,16,19,14,14,
190248,Concordia College,147,147,139,138,136,153,162,135,
101073,Concordia College Alabama,,,129,213,47,147,156,151,
173300,Concordia College at Moorhead,597,568,545,520,540,684,632,721,
177092,Concordia Seminary,,,,,,,,,
150288,Concordia Theological Seminary,,,,,,,,,
224004,Concordia University Texas,213,274,270,254,228,180,244,269,
169363,Concordia University-Ann Arbor,224,190,194,145,156,184,152,168,
144351,Concordia University-Chicago,385,327,349,294,300,376,318,343,
112075,Concordia University-Irvine,319,328,406,334,352,373,300,294,
180984,Concordia University-Nebraska,356,348,322,347,326,281,296,315,
208488,Concordia University-Portland,244,217,228,187,194,217,246,210,
173328,Concordia University-Saint Paul,244,245,244,229,239,281,180,197,
238616,Concordia University-Wisconsin,560,557,471,613,639,580,603,560,
128902,Connecticut College,508,444,472,478,498,489,503,508,
217961,Converse College,208,269,238,212,228,231,181,192,
165495,Conway School of Landscape Design,,,,,,,,,
184153,Cooper Health System Center for Allied Health Education,,,,,,,,,
190372,Cooper Union for the Advancement of Science and Art,216,189,218,228,218,173,181,210,
210331,Corban University,206,195,237,274,220,222,218,275,
131308,Corcoran College of Art and Design,,,,,,,41,36,
153162,Cornell College,296,300,287,276,262,270,301,338,
190415,Cornell University,3295,3348,3310,3176,3225,3221,3217,3306,
170037,Cornerstone University,285,276,272,293,299,347,335,343,
235024,Cornish College of the Arts,141,177,172,179,162,166,155,213,
177117,Cottey College,96,86,94,153,124,124,127,168,
139393,Covenant College,249,263,265,258,265,295,268,286,
177126,Covenant Theological Seminary,,,,,,,,,
176770,Cox College,1,1,5,5,5,7,55,58,
169424,Cranbrook Academy of Art,,,,,,,,,
181002,Creighton University,1155,1117,1032,1065,1025,962,943,974,
475608,Criswell College,8,15,12,7,15,14,31,25,
174206,Crossroads College,,,,,20,11,21,12,
106810,Crowley's Ridge College,31,22,57,53,46,44,62,77,
174862,Crown College,152,129,151,150,139,198,171,157,
190503,Culinary Institute of America,208,104,0,0,0,0,0,0,
177144,Culver-Stockton College,288,305,267,261,290,220,216,197,
219949,Cumberland University,187,209,215,200,178,212,212,191,
165529,Curry College,575,601,676,600,648,640,584,604,
211893,Curtis Institute of Music,15,9,10,20,26,29,28,23,
190716,D'Youville College,243,276,239,232,292,251,273,269,
190725,Daemen College,338,387,392,384,419,409,438,435,
219091,Dakota Wesleyan University,170,178,170,176,140,167,198,163,
224226,Dallas Baptist University,532,537,519,496,492,488,489,439,
224244,Dallas Christian College,49,46,30,57,50,43,48,30,
224305,Dallas Theological Seminary,,,,,,,,,
190734,Darkei Noam Rabbinical College,,,,,,,,,
182670,Dartmouth College,1167,1215,1116,1112,1152,1112,1095,1112,
169479,Davenport University,423,393,394,426,314,279,265,236,
198385,Davidson College,515,519,513,510,502,482,490,488,
237358,Davis & Elkins College,157,182,181,169,212,217,214,231,
194569,Davis College,16,12,27,22,34,24,31,27,
165574,Dean College,358,315,257,182,186,155,154,167,
202514,Defiance College,157,150,136,182,233,240,236,293,
211981,Delaware Valley University,443,411,451,471,489,416,464,424,
113537,Dell'Arte International School of Physical Theatre,0,0,0,,0,0,0,1,
202523,Denison University,654,617,637,629,609,582,629,606,
126979,Denver Seminary,,,,,,,,,
144740,DePaul University,2568,2538,2451,2517,2540,2422,2589,2454,
150400,DePauw University,564,595,559,596,514,641,578,584,
154156,Des Moines University-Osteopathic Medical Center,,,,,,,,,
210739,DeSales University,500,421,500,429,406,417,389,445,
212009,Dickinson College,633,603,610,729,619,626,601,652,
158802,Dillard University,372,337,358,296,325,224,343,351,
445869,Divine Mercy University,,,,,,,,,
153241,Divine Word College,1,1,1,1,9,11,11,14,
181020,Doane University,259,299,303,330,268,287,337,291,
448284,Doane University-Graduate and Professional Studies,,1,1,1,1,0,0,,
190761,Dominican College of Blauvelt,299,229,253,363,289,286,293,352,
113704,Dominican School of Philosophy & Theology,,,,,,,,,
148496,Dominican University,447,441,495,483,473,497,405,414,
113698,Dominican University of California,286,241,268,256,261,305,265,279,
122117,Dongguk University Los Angeles,,,,,,,,,
155007,Donnelly College,48,50,82,62,147,105,48,109,
153250,Dordt University,365,397,387,362,336,378,342,368,
190770,Dowling College,,,,,182,235,374,344,
153269,Drake University,748,758,765,801,869,850,848,812,
184348,Drew University,420,371,350,356,302,399,362,454,
212054,Drexel University,3353,3268,2322,2717,2920,3009,3016,3036,
177214,Drury University,377,361,425,341,400,433,482,489,
198419,Duke University,1731,1744,1723,1746,1721,1730,1714,1722,
175227,Dunwoody College of Technology,10,8,11,2,2,1,2,6,
212106,Duquesne University,1370,1415,1373,1258,1162,1353,1307,1161,
150455,Earlham College,271,287,355,252,270,253,286,234,
224527,East Texas Baptist University,400,419,346,340,363,340,350,329,
144883,East-West University,74,105,181,152,93,171,188,171,
232043,Eastern Mennonite University,200,189,222,254,240,232,217,234,
165644,Eastern Nazarene College,140,153,166,112,168,165,169,161,
212133,Eastern University,329,305,343,314,330,360,366,395,
446233,Ecclesia College,35,54,60,66,37,56,36,8,
133492,Eckerd College,580,558,573,484,511,451,530,503,
247162,Ecumenical Theological Seminary,,,,,,,,,
177278,Eden Theological Seminary,,,,,,,,,
238661,Edgewood College,255,281,263,298,289,298,340,294,
442806,Edward Via College of Osteopathic Medicine,,,,,,,,,
133526,Edward Waters College,298,249,206,246,222,195,222,180,
212197,Elizabethtown College,386,410,442,504,447,530,502,511,
480134,Elizabethtown College School of Continuing and Professional Studies,,,,,,,,,
144962,Elmhurst University,530,497,477,478,510,506,560,608,
190983,Elmira College,206,204,207,255,329,319,356,329,
198516,Elon University,1698,1573,1553,1524,1496,1474,1424,1417,
133553,Embry-Riddle Aeronautical University-Daytona Beach,1405,1338,1240,1260,1182,924,928,1036,
104586,Embry-Riddle Aeronautical University-Prescott,609,678,599,579,499,443,372,349,
426314,Embry-Riddle Aeronautical University-Worldwide,65,61,54,65,64,68,47,51,
165662,Emerson College,922,931,878,906,857,862,866,911,
220136,Emmanuel Christian Seminary,,,,,,,,,
139630,Emmanuel College,246,263,238,232,193,167,192,186,
165671,Emmanuel College,594,474,596,555,524,515,553,550,
153302,Emmaus Bible College,47,60,65,40,53,27,32,54,
232025,Emory & Henry College,268,253,284,303,284,264,244,271,
139658,Emory University,1421,1378,1350,1354,1354,1348,1352,1326,
165699,Endicott College,753,757,713,784,739,629,642,638,
124487,Epic Bible College,1,1,1,2,2,9,7,7,
165705,Episcopal Divinity School,,,,,,,,,
224712,Episcopal Theological Seminary of the Southwest,,,,,,,,,
409254,Erikson Institute,,,,,,,,,
217998,Erskine College,166,178,207,217,187,207,137,163,
144971,Eureka College,138,106,153,163,168,138,156,159,
177339,Evangel University,372,400,387,362,329,458,381,409,
176619,Evangel University - Assemblies of God Theological Seminary,,,,,,,,,
212443,Evangelical Theological Seminary,,,,,,,,,
385619,Everglades University,587,634,656,610,52,53,53,59,
196680,Excelsior College,,,,,,,,,
129242,Fairfield University,1089,993,1056,965,1055,963,990,909,
184694,Fairleigh Dickinson University-Florham Campus,671,805,581,692,698,506,577,584,
184603,Fairleigh Dickinson University-Metropolitan Campus,457,561,370,404,461,429,515,456,
153320,Faith Baptist Bible College and Theological Seminary,48,50,46,71,55,36,47,56,
443049,Faith International University,2,6,16,7,9,10,10,11,
443058,Family of Faith Christian University,0,3,3,2,1,2,0,3,
101189,Faulkner University,254,311,295,279,381,287,346,310,
184612,Felician University,288,308,316,296,270,151,228,341,
232089,Ferrum College,416,359,451,422,499,554,550,574,
114549,Fielding Graduate University,,,,,,,,,
172440,Finlandia University,78,72,152,133,73,75,87,141,
165802,Fisher College,141,130,112,118,118,109,134,105,
220181,Fisk University,274,132,123,208,221,230,221,110,
114585,Five Branches University,,,,,,,,,
133711,Flagler College,652,735,600,615,673,707,646,665,
444990,Flagler College-Tallahassee,,,,,,,,,
133809,Florida College,180,156,179,188,203,189,189,198,
133881,Florida Institute of Technology,770,718,759,644,768,781,755,668,
480569,Florida Institute of Technology-Online,0,,,,,,,,
133979,Florida Memorial University,332,309,367,364,443,398,381,378,
134079,Florida Southern College,697,716,643,690,577,633,536,523,
177418,Fontbonne University,183,139,140,178,111,157,136,142,
191241,Fordham University,2284,2269,2189,2191,2229,1943,1855,1962,
177427,Forest Institute of Professional Psychology,,,,,,,,,
160074,Franciscan Missionaries of Our Lady University,43,61,56,52,65,107,97,57,
114734,Franciscan School of Theology,,,,,,,,,
205957,Franciscan University of Steubenville,513,435,414,425,443,424,393,423,
212577,Franklin and Marshall College,611,644,639,592,591,604,599,597,
150604,Franklin College,269,267,237,290,327,272,290,275,
182795,Franklin Pierce University,454,462,635,417,456,450,538,368,
202806,Franklin University,132,7,10,11,6,9,19,63,
441982,Franklin W Olin College of Engineering,84,89,79,76,79,81,81,82,
220215,Freed-Hardeman University,308,313,324,292,340,355,321,384,
114813,Fresno Pacific University,232,179,199,154,191,210,236,248,
155089,Friends University,173,174,163,164,180,178,193,218,
156727,Frontier Nursing University,,,,,,,,,
114840,Fuller Theological Seminary,,,,,,,,,
218070,Furman University,713,700,748,668,723,755,694,785,
131450,Gallaudet University,201,247,245,178,181,200,212,200,
212601,Gannon University,746,614,607,591,573,589,594,640,
198561,Gardner-Webb University,408,381,444,460,493,434,493,461,
145275,Garrett-Evangelical Theological Seminary,,,,,,,,,
456542,Geisinger Commonwealth School of Medicine,,,,,,,,,
212656,Geneva College,302,300,289,329,311,334,339,312,
208822,George Fox University,593,628,631,619,627,619,420,454,
131469,George Washington University,2837,2607,2513,2578,2410,2348,2376,2230,
156745,Georgetown College,262,305,297,282,271,243,237,351,
131496,Georgetown University,1618,1596,1573,1566,1575,1593,1568,1596,
461236,Georgia Central University,,,10,10,20,13,18,3,
184773,Georgian Court University,280,216,221,149,228,275,160,243,
458511,Gerstner Sloan-Kettering Graduate School of Biomedical Sciences,,,,,,,,,
212674,Gettysburg College,748,720,696,699,720,703,769,732,
230889,Goddard College,5,4,8,6,5,2,6,7,
202903,Gods Bible School and College,19,14,25,45,39,58,51,69,
115083,Golden Gate University-San Francisco,,,0,0,0,0,0,0,
130989,Goldey-Beacom College,148,159,158,119,158,93,89,108,
235316,Gonzaga University,1196,1257,1269,1335,1048,1237,1095,1128,
202912,Good Samaritan College of Nursing and Health Science,0,0,0,0,0,0,0,0,
129154,Goodwin University,0,0,0,17,63,55,74,90,
165936,Gordon College,429,414,419,435,394,477,459,457,
165945,Gordon-Conwell Theological Seminary,,,,,,,,,
150668,Goshen College,200,215,185,176,159,167,168,170,
162654,Goucher College,432,420,440,389,403,401,410,367,
170000,Grace Christian University,96,66,70,85,72,90,102,68,
150677,Grace College and Theological Seminary,313,349,398,355,355,346,344,278,
461528,Grace College of Divinity,5,0,1,2,12,10,3,0,
181093,Grace University,,,35,59,59,96,71,70,
153366,Graceland University-Lamoni,267,251,256,289,279,325,229,257,
115214,Graduate Theological Union,,,,,,,,,
153375,Grand View University,325,328,333,266,278,297,291,354,
212771,Gratz College,,,,0,,,,,
170091,Great Lakes Christian College,21,27,25,45,21,39,31,45,
230898,Green Mountain College,,111,125,132,131,134,180,140,
198598,Greensboro College,180,223,249,227,183,200,225,223,
145372,Greenville University,221,220,198,260,268,277,262,276,
153384,Grinnell College,463,447,413,442,435,423,444,448,
212805,Grove City College,607,635,583,545,637,645,669,617,
198613,Guilford College,358,342,421,311,351,392,305,352,
173647,Gustavus Adolphus College,651,540,539,609,609,606,667,713,
212832,Gwynedd Mercy University,193,173,124,146,142,73,90,83,
191515,Hamilton College,481,480,472,473,469,491,469,481,
173665,Hamline University,538,532,545,510,519,534,540,511,
232256,Hampden-Sydney College,341,311,282,303,321,292,342,319,
166018,Hampshire College,282,325,320,370,324,381,357,356,
232265,Hampton University,910,1015,1263,926,834,955,883,936,
177542,Hannibal-LaGrange University,108,133,149,153,156,167,191,155,
150756,Hanover College,356,343,308,304,293,334,372,321,
225247,Hardin-Simmons University,480,454,392,411,339,413,393,394,
107044,Harding University,856,944,1013,990,1063,1030,1019,1013,
446640,Harrisburg University of Science and Technology,186,199,133,117,101,107,133,90,
129491,Hartford Seminary,,,,,,,,,
191533,Hartwick College,407,351,402,291,419,528,446,489,
166027,Harvard University,1652,1686,1659,1659,1649,1656,1665,1657,
115409,Harvey Mudd College,234,224,213,214,194,217,198,194,
181127,Hastings College,263,306,273,295,345,345,236,322,
212911,Haverford College,357,349,349,346,338,330,323,334,
449579,Hawaii College of Oriental Medicine,,,,,,,,,
141644,Hawaii Pacific University,556,480,449,473,509,516,464,533,
173683,Hazelden Betty Ford Graduate School of Addiction Studies,,,,,,,,,
166045,Hebrew College,,,,,,,,,
145497,Hebrew Theological College,36,26,50,361,277,338,362,331,
203067,Hebrew Union College-Jewish Institute of Religion,,,,,,,,,
203085,Heidelberg University,329,319,369,271,362,351,345,280,
191597,Helene Fuld College of Nursing,,,,,0,0,0,0,
166054,Hellenic College-Holy Cross Greek Orthodox School of Theology,8,9,14,28,16,21,21,24,
107080,Hendrix College,309,338,352,392,314,435,369,375,
198677,Heritage Bible College,0,5,1,4,4,6,4,8,
101453,Heritage Christian University,4,8,1,6,2,7,2,4,
235422,Heritage University,95,107,108,102,121,74,81,111,
198695,High Point University,1423,1110,1380,1362,1386,1158,1256,1269,
191621,Hilbert College,219,167,143,152,165,185,172,223,
203128,Hiram College,233,257,207,160,274,287,304,308,
220312,Hiwassee College,,78,70,49,35,18,10,35,
191630,Hobart William Smith Colleges,611,634,581,631,643,638,600,681,
134510,Hobe Sound Bible College,29,26,24,23,24,17,15,8,
367884,Hodges University,23,31,30,122,35,55,53,47,
191649,Hofstra University,1547,1629,1641,1642,1708,1608,1481,1670,
232308,Hollins University,199,155,225,196,165,146,128,182,
129534,Holy Apostles College and Seminary,5,5,1,6,3,0,7,7,
150774,Holy Cross College,91,192,215,181,154,158,116,121,
239743,Holy Family College,50,92,53,61,45,40,50,46,
212984,Holy Family University,353,356,328,341,250,288,308,288,
115728,Holy Names University,175,176,95,119,88,85,123,123,
162760,Hood College,239,255,219,257,288,281,269,309,
443076,Hood Theological Seminary,,,,,,,,,
170301,Hope College,798,779,722,786,820,811,902,846,
120537,Hope International University,89,92,98,108,68,68,108,111,
457226,Horizon University,0,0,0,1,0,0,0,1,
191676,Houghton College,219,219,271,266,250,223,233,265,
225399,Houston Baptist University,511,510,576,544,615,567,514,496,
246345,Houston Graduate School of Theology,,,,,,,,,
225548,Howard Payne University,248,246,324,280,300,342,297,280,
131520,Howard University,1498,2077,900,1642,1467,1576,1376,1523,
164368,Hult International Business School,212,152,102,125,0,,,,
115773,Humphreys University-Stockton and Modesto Campuses,2,1,3,8,15,31,52,54,
101435,Huntingdon College,248,294,277,252,227,261,276,255,
150941,Huntington University,218,218,196,201,226,225,238,242,
449348,Huntsville Bible College,2,1,0,0,1,1,1,1,
161165,Husson University,,,,,,449,373,466,
225575,Huston-Tillotson University,218,183,152,146,203,223,207,181,
193405,Icahn School of Medicine at Mount Sinai,,,,,,,,,
127273,Iliff School of Theology,,,,,,,,,
145691,Illinois College,293,258,292,239,253,270,284,287,
145628,Illinois College of Optometry,,,,,,,,,
145725,Illinois Institute of Technology,608,471,501,479,440,462,406,444,
145646,Illinois Wesleyan University,494,378,425,450,455,527,490,509,
213011,Immaculata University,183,197,216,188,219,287,244,245,
151290,Indiana Institute of Technology,418,428,562,511,560,473,431,434,
151801,Indiana Wesleyan University-Marion,718,784,684,683,655,718,724,753,
247922,Ingalls Memorial Hospital Dietetic Internship,,,,,,,,,
145886,Institute for Clinical Social Work,,,,,,,,,
462044,Institute for Doctoral Studies in the Visual Arts,,,,,,,,,
454838,Institute of Taoist Education and Acupuncture,,,,,,,,,
455804,Institute of World Politics,,,,,,,,,
140146,Interdenominational Theological Center,,,,,,,,,
436614,International Baptist College and Seminary,8,4,9,3,14,9,6,9,
448691,International Institute for Restorative Practices,,,,,,,,,
443128,International Technological University,,,,,,,,,
191931,Iona College,851,860,935,837,800,922,722,812,
153621,Iowa Wesleyan University,170,208,165,120,75,102,112,113,
441238,Irell & Manella Graduate School of Biological Sciences at City of Hope,,,,,,,,,
191968,Ithaca College,1666,1622,1630,1807,1560,1789,1579,1624,
134945,Jacksonville University,620,574,544,488,393,532,495,515,
225885,Jarvis Christian College,349,257,269,274,186,157,175,88,
215099,Jefferson (Philadelphia University + Thomas Jefferson University),,,485,507,606,531,594,649,
192040,Jewish Theological Seminary of America,31,38,43,39,41,32,39,42,
107141,John Brown University,319,325,323,358,318,303,318,360,
203368,John Carroll University,843,751,715,759,797,791,681,742,
116712,John F. Kennedy University,0,0,,,,,,,
452133,John Hancock University,,,,,,,,,
462354,John Paul the Great Catholic University,83,75,73,63,56,38,39,28,
198747,John Wesley University,,,33,26,46,7,13,10,
162928,Johns Hopkins University,1415,1415,1363,1364,1464,1386,1384,1350,
445708,Johnson & Wales University-Charlotte,388,443,502,521,490,499,475,537,
439288,Johnson & Wales University-Denver,247,204,239,263,227,261,298,333,
414823,Johnson & Wales University-North Miami,256,281,308,271,364,413,419,569,
460349,Johnson & Wales University-Online,4,3,3,1,0,,,,
217235,Johnson & Wales University-Providence,1322,1466,1810,1653,1657,1731,1737,2112,
198756,Johnson C Smith University,349,336,301,334,265,232,383,373,
220473,Johnson University,158,147,131,166,187,162,179,156,
132879,Johnson University Florida,67,52,35,38,42,44,79,83,
135063,Jones College-Jacksonville,,,,3,5,1,2,0,
101541,Judson College,62,65,84,62,82,66,77,75,
146339,Judson University,153,169,177,145,193,188,155,145,
461139,Jung Tao School of Classical Chinese Medicine,,,,,,,,,
213251,Juniata College,350,341,394,356,423,391,402,363,
170532,Kalamazoo College,408,448,346,364,357,453,334,368,
177746,Kansas City Art Institute,138,171,162,146,134,141,172,175,
179812,Kansas City University of Medicine and Biosciences,,,,,,,,,
155414,Kansas Wesleyan University,146,182,161,158,141,151,139,165,
440031,Keck Graduate Institute,,,,,,,,,
192165,Kehilath Yakov Rabbinical Seminary,41,49,38,48,40,44,23,26,
135081,Keiser University-Ft Lauderdale,631,583,972,936,977,684,665,659,
177816,Kenrick Glennon Seminary,,8,6,9,8,8,8,6,
157100,Kentucky Christian University,154,164,148,107,171,129,199,187,
157030,Kentucky Mountain Bible College,11,12,15,15,13,19,13,11,
157076,Kentucky Wesleyan College,249,192,194,174,224,163,157,188,
203535,Kenyon College,538,453,487,492,446,480,446,468,
461847,Keser Torah-Mayan Hatalmud,12,,,,3,7,10,12,
203544,Kettering College,43,34,46,55,54,49,71,50,
169983,Kettering University,363,371,363,434,364,375,372,329,
192192,Keuka College,330,367,365,318,228,224,229,262,
213303,Keystone College,300,289,250,214,220,218,256,236,
220516,King University,188,197,157,169,167,213,214,174,
213321,King's College,551,624,570,517,484,500,513,550,
260956,Knowledge Systems Institute,,,,,,,,,
146427,Knox College,345,358,347,386,362,380,377,343,
192244,Kol Yaakov Torah Center,,,,,,,,,
171881,Kuyper College,24,28,34,43,53,37,66,45,
213358,La Roche University,225,221,258,291,223,229,242,257,
213367,La Salle University,1040,931,790,707,866,876,857,902,
117627,La Sierra University,288,361,327,428,339,333,499,432,
165264,Laboure College,0,0,0,0,0,0,0,0,
213385,Lafayette College,733,679,649,671,648,635,629,637,
140234,LaGrange College,211,273,235,263,233,267,198,225,
117168,Laguna College of Art and Design,116,92,84,80,67,67,76,62,
203580,Lake Erie College,193,218,219,213,186,206,272,210,
407629,Lake Erie College of Osteopathic Medicine,,,,,,,,,
146481,Lake Forest College,392,355,358,356,410,399,416,406,
146490,Lake Forest Graduate School of Management,,,,,,,,,
238980,Lakeland University,212,174,192,206,161,214,197,202,
146533,Lakeview College of Nursing,,,,,,,,,
213400,Lancaster Bible College,171,151,164,174,160,121,134,121,
213446,Lancaster Theological Seminary,,,,,,,,,
247649,Landmark College,14,17,10,6,0,126,120,125,
220598,Lane College,342,417,396,444,312,405,325,599,
166391,Lasell University,381,410,437,489,501,484,556,375,
170675,Lawrence Technological University,378,358,366,340,329,352,324,252,
239017,Lawrence University,396,353,373,394,380,392,405,323,
192323,Le Moyne College,655,542,629,631,677,622,520,633,
220604,Le Moyne-Owen College,148,166,189,183,145,149,175,178,
213507,Lebanon Valley College,472,464,424,455,412,413,404,467,
220613,Lee University,875,895,884,826,746,808,846,870,
198808,Lees-McRae College,222,208,187,197,216,226,182,207,
213543,Lehigh University,1275,1234,1249,1261,1298,1198,1217,1207,
198835,Lenoir-Rhyne University,496,384,461,447,346,310,329,400,
218265,Lenoir-Rhyne University-Lutheran Theological Southern Seminary,,,,,,,,,
166452,Lesley University,373,379,334,372,298,317,334,350,
433217,Lester E Cox Medical Center-School of Medical Technology,,,,,,,,,
226231,LeTourneau University,307,288,259,273,322,298,318,278,
209056,Lewis & Clark College,562,525,506,654,562,473,552,605,
146612,Lewis University,638,601,642,697,743,694,673,736,
146621,Lexington College,,,,,,,7,10,
157207,Lexington Theological Seminary,,,,,,,,,
232557,Liberty University,3449,3211,3201,3399,3429,3159,3588,3585,
117520,Life Chiropractic College West,,,,,,,,,
117104,Life Pacific University,80,63,57,72,65,45,43,40,
140252,Life University,174,113,112,92,97,73,39,49,
218238,Limestone University,353,367,379,430,439,435,266,245,
146667,Lincoln Christian University,64,61,79,77,61,69,73,66,
146676,Lincoln College,176,173,115,34,29,28,40,29,
220631,Lincoln Memorial University,262,268,252,246,254,184,234,313,
117557,Lincoln University,4,3,4,4,4,4,15,6,
177968,Lindenwood University,1050,928,989,1217,1170,1311,1338,1015,
157216,Lindsey Wilson College,527,542,484,514,512,512,516,540,
209065,Linfield University-McMinnville Campus,325,397,393,474,459,444,441,459,
437325,Linfield University-Online and Continuing Education,,,,,,,,,
437316,Linfield University-School of Nursing,,,,,,,,,
219976,Lipscomb University,661,640,632,660,625,680,670,623,
192563,LIU Brentwood,,,,,,,,,
192439,LIU Brooklyn,,,692,562,565,598,747,830,
192554,LIU Hudson at Rockland,,,,,,,,,
432357,LIU Hudson at Westchester,,,,,,,,,
450766,LIU Riverhead,,,,,,,,,
198862,Livingstone College,377,365,380,421,453,395,355,339,
177986,Logan University,18,7,0,,,,,,
117636,Loma Linda University,,,,,,,,,
192448,Long Island University,934,1376,531,508,542,631,954,909,
166489,Longy School of Music of Bard College,9,16,11,6,11,12,13,12,
153825,Loras College,359,336,328,389,374,414,374,360,
474863,Los Angeles Pacific University,3,8,11,13,13,8,35,14,
159568,Louisiana College,249,289,248,211,234,265,292,317,
157298,Louisville Presbyterian Theological Seminary,,,,,,,,,
203757,Lourdes University,190,208,205,148,151,209,254,188,
117946,Loyola Marymount University,1510,1445,1327,1353,1347,1339,1274,1288,
146719,Loyola University Chicago,2770,2653,2621,2190,2288,2497,2001,1928,
163046,Loyola University Maryland,1067,1021,1093,1032,1134,1096,1072,1070,
159656,Loyola University New Orleans,768,801,612,659,609,620,867,859,
226383,Lubbock Christian University,293,309,320,275,264,255,314,322,
153834,Luther College,554,516,520,623,559,627,644,627,
135364,Luther Rice College & Seminary,0,1,3,4,3,3,3,11,
173896,Luther Seminary,,,,,,,,,
146728,Lutheran School of Theology at Chicago,,,,,,,,,
213640,Lutheran Theological Seminary at Philadelphia,,,,,,,,,
213668,Lycoming College,322,282,343,347,394,347,321,416,
129686,Lyme Academy College of Fine Arts,,,,,,,12,13,
132657,Lynn University,630,467,557,514,534,451,413,408,
106342,Lyon College,215,189,200,210,252,174,159,158,
173902,Macalester College,621,543,506,582,541,555,534,478,
192624,Machzikei Hadath Rabbinical College,27,44,27,34,36,27,24,33,
146825,MacMurray College,133,141,136,120,113,120,146,126,
170806,Madonna University,212,267,208,172,165,198,143,172,
182917,Magdalen College,24,15,24,34,15,17,,,
153861,Maharishi International University,18,17,20,20,21,18,33,22,
161509,Maine College of Art,97,119,120,109,120,103,82,102,
203775,Malone University,309,335,309,243,311,314,352,359,
151777,Manchester University,408,397,389,396,441,367,372,373,
155496,Manhattan Christian College,70,82,43,43,68,72,72,76,
192703,Manhattan College,791,764,814,900,747,755,842,802,
192712,Manhattan School of Music,115,115,156,101,113,81,86,98,
192749,Manhattanville College,392,416,484,450,458,475,529,534,
446394,Maple Springs Baptist Bible College and Seminary,,0,,0,0,1,1,0,
239071,Maranatha Baptist University,130,137,192,177,181,206,186,214,
192785,Maria College of Albany,7,6,6,10,8,0,4,7,
151786,Marian University,424,337,390,304,330,334,297,296,
239080,Marian University,309,352,267,282,250,248,283,321,
203845,Marietta College,347,272,245,283,357,385,393,362,
192819,Marist College,1299,1285,1225,1209,1127,1148,1098,1174,
230940,Marlboro College,37,28,54,35,47,46,50,62,
440411,Marlboro College Graduate & Professional Studies,,,,,,,,,
239105,Marquette University,2162,2021,2002,1872,1989,1989,1927,2056,
198899,Mars Hill University,264,353,394,384,402,417,436,385,
123943,Marshall B Ketchum University,,,,,,,,,
173452,Martin Luther College,194,181,196,172,188,163,179,172,
220701,Martin Methodist College,275,242,254,254,372,272,272,109,
151810,Martin University,8,15,14,4,10,23,27,66,
232672,Mary Baldwin University,369,106,226,175,259,217,242,280,
170842,Marygrove College,,,59,84,129,170,130,92,
163295,Maryland Institute College of Art,424,421,348,409,455,400,413,496,
164085,Maryland University of Integrative Health,,,,,,,,,
209108,Marylhurst University,,,,4,0,2,4,7,
118541,Marymount California University,151,228,219,256,312,288,334,347,
192864,Marymount Manhattan College,471,516,535,514,495,397,461,420,
232706,Marymount University,414,401,439,388,350,397,373,402,
220710,Maryville College,282,301,323,338,334,349,313,293,
178059,Maryville University of Saint Louis,666,604,554,381,407,392,348,334,
213826,Marywood University,388,446,323,369,368,404,454,456,
431594,Massachusetts General Hospital Dietetic Internship,,,,,,,,,
166683,Massachusetts Institute of Technology,1113,1097,1108,1105,1040,1112,1132,1121,
369002,Massachusetts School of Law,,,,,,,,,
173957,Mayo Clinic College of Medicine and Science,0,,,,,,,,
365426,Mayo Clinic Graduate School of Biomedical Sciences,,,,,,,,,
173966,Mayo Clinic School of Health Sciences,,,,,,,,,
146977,McCormick Theological Seminary,,,,,,,,,
164270,McDaniel College,415,450,388,420,409,453,437,420,
147013,McKendree University,325,352,441,346,403,387,288,290,
226587,McMurry University,219,246,284,297,207,249,303,330,
155511,McPherson College,173,201,194,194,151,170,174,133,
166656,MCPHS University,682,766,794,781,875,883,910,480,
147031,Meadville Lombard Theological School,,,,,,,,,
192925,Medaille College,238,236,215,321,298,313,293,373,
239169,Medical College of Wisconsin,,,,,,,,,
220792,Meharry Medical College,,,,,,,,,
220808,Memphis College of Art,,,66,79,96,111,68,94,
220871,Memphis Theological Seminary,,,,,,,,,
118693,Menlo College,157,152,150,148,190,134,168,142,
140447,Mercer University,974,885,825,828,803,725,645,567,
193016,Mercy College,878,856,899,908,725,811,786,1142,
153977,Mercy College of Health Sciences,15,19,16,20,12,2,2,4,
203960,Mercy College of Ohio,25,27,18,23,15,14,22,15,
213987,Mercyhurst University,641,586,708,587,609,594,666,673,
198950,Meredith College,401,394,422,438,471,415,407,398,
166850,Merrimack College,1122,854,1003,827,858,794,698,609,
193061,Mesivta of Eastern Parkway-Yeshiva Zichron Meilech,6,4,8,4,1,4,6,13,
193052,Mesivta Torah Vodaath Rabbinical Seminary,4,9,14,5,8,17,14,18,
193070,Mesivtha Tifereth Jerusalem of America,15,12,18,18,21,12,18,15,
417752,Messenger College,6,9,5,11,12,9,10,6,
213996,Messiah University,647,665,685,691,696,648,708,694,
147129,Methodist College,6,0,19,9,4,14,28,12,
203997,Methodist Theological School in Ohio,,,,,,,,,
198969,Methodist University,370,400,474,510,526,548,435,478,
190114,Metropolitan College of New York,20,56,38,47,54,62,67,65,
166869,MGH Institute of Health Professions,,,,,,,,,
434414,Michigan Jewish Institute,,,,,262,485,576,554,
169220,Michigan School of Psychology,,,,,,,,,
169628,Michigan State University-College of Law,,,,,,,,,
245953,Mid-America Christian University,90,78,126,127,81,240,90,70,
151962,Mid-America College of Funeral Service,20,21,15,0,0,0,0,0,
199458,Mid-Atlantic Christian University,47,48,41,50,42,33,35,22,
157359,Mid-Continent University,,,,,,,206,236,
155520,MidAmerica Nazarene University,164,221,176,185,183,198,198,164,
220996,Middle Tennessee School of Anesthesia Inc,,,,,,,,,
230959,Middlebury College,628,635,606,589,580,625,598,602,
119058,Middlebury Institute of International Studies at Monterey,,,,,,,,,
181330,Midland University,330,325,340,310,327,367,363,265,
157377,Midway University,204,123,129,66,74,79,99,81,
178208,Midwestern Baptist Theological Seminary,20,19,15,33,34,16,25,36,
143853,Midwestern University-Downers Grove,,,,,,,,,
423643,Midwestern University-Glendale,,,,,,,,,
101675,Miles College,348,307,428,423,485,403,431,384,
221014,Milligan College,,,,,,205,174,204,
147244,Millikin University,468,474,444,420,476,450,528,432,
118888,Mills College,141,163,167,139,171,194,186,148,
175980,Millsaps College,244,229,252,222,236,171,210,224,
239309,Milwaukee Institute of Art & Design,236,196,174,177,144,157,150,175,
239318,Milwaukee School of Engineering,596,515,550,494,558,538,484,438,
174127,Minneapolis College of Art and Design,174,133,163,145,120,115,117,81,
193247,Mirrer Yeshiva Cent Institute,32,48,36,53,45,34,42,42,
214069,Misericordia University,410,435,423,434,438,428,511,368,
211130,Missio Theological Seminary,,,,,,,,,
176053,Mississippi College,514,564,570,583,577,588,465,496,
178244,Missouri Baptist University,248,276,278,254,221,264,238,228,
178369,Missouri Valley College,508,390,448,434,375,361,367,377,
129774,Mitchell College,147,145,119,129,145,176,145,192,
175281,Mitchell Hamline School of Law,,,,,,,,,
193292,Molloy College,590,506,554,534,487,492,449,396,
147341,Monmouth College,243,281,285,270,392,390,340,338,
185572,Monmouth University,1050,1082,1088,1128,1056,905,1006,944,
262165,Montana Bible College,,,,,,1,,11,
127954,Montessori Education Center of the Rockies,0,0,0,0,0,0,2,3,
436021,Montessori Institute of Milwaukee,,,,,,,,,
199032,Montreat College,147,174,164,154,105,103,95,83,
166911,Montserrat College of Art,101,91,91,81,101,102,97,129,
147369,Moody Bible Institute,227,269,275,396,430,413,409,351,
214148,Moore College of Art and Design,98,88,71,96,80,74,104,92,
214157,Moravian College,445,477,482,520,386,355,378,375,
140553,Morehouse College,604,617,608,573,540,483,567,497,
140562,Morehouse School of Medicine,,,,,,,,,
154004,Morningside College,345,354,340,371,353,357,273,377,
218399,Morris College,196,235,219,213,224,249,264,284,
214166,Mount Aloysius College,130,128,138,167,170,182,188,199,
209241,Mount Angel Seminary,3,7,2,5,8,15,13,15,
204176,Mount Carmel College of Nursing,51,75,99,88,79,86,82,81,
166939,Mount Holyoke College,628,529,569,512,530,511,496,592,
166948,Mount Ida College,,,297,359,305,262,285,354,
219198,Mount Marty University,126,109,103,100,112,107,115,120,
239390,Mount Mary University,142,122,117,146,154,113,95,114,
154013,Mount Mercy University,239,238,232,232,134,154,158,150,
204200,Mount Saint Joseph University,316,276,242,325,291,312,274,292,
193353,Mount Saint Mary College,388,399,384,422,411,448,440,453,
119173,Mount Saint Mary's University,352,303,301,290,262,312,284,204,
163462,Mount St. Mary's University,548,524,417,506,510,429,447,572,
204194,Mount Vernon Nazarene University,371,330,359,353,311,301,290,354,
237154,Mountain State University,,,,,,,,,
214175,Muhlenberg College,548,564,593,582,589,579,581,584,
209287,Multnomah University,61,62,70,56,44,51,30,60,
204264,Muskingum University,369,383,319,359,384,403,404,423,
127653,Naropa University,30,37,29,38,40,37,24,47,
239424,Nashotah House,,,,,,,,,
441478,National Graduate School of Quality Management,,,,,,,,,
434034,National Labor College,,,,,,,0,,
147536,National Louis University,584,499,313,80,12,27,18,24,
119605,National University,2,2,23,55,56,110,231,197,
147590,National University of Health Sciences,,,,,,,,,
209296,National University of Natural Medicine,,,,,,,,,
127714,Nazarene Bible College,0,0,3,1,1,3,1,2,
178518,Nazarene Theological Seminary,,,,,,,,,
193584,Nazareth College,544,550,517,519,476,423,472,439,
181376,Nebraska Christian College of Hope International University,31,46,16,23,27,47,35,35,
181297,Nebraska Methodist College of Nursing & Allied Health,37,35,31,24,27,27,28,29,
181446,Nebraska Wesleyan University,487,406,420,439,368,378,356,360,
163532,Ner Israel Rabbinical College,34,36,34,34,42,40,34,45,
214272,Neumann University,421,360,375,400,415,500,574,571,
185758,New Brunswick Theological Seminary,,,,,,,,,
182980,New England College,457,477,339,379,328,323,250,265,
167093,New England College of Optometry,,,,,,,,,
217305,New England Institute of Technology,0,0,0,0,0,0,0,0,
167215,New England Law-Boston,,,,,,,,,
167181,New England School of Acupuncture,,,,,,,,,
373827,New England School of Communications,,,,,,,107,115,
430810,New Hampshire Institute of Art,,62,64,93,84,81,96,122,
208725,New Hope Christian College-Eugene,20,11,19,20,26,30,45,35,
159948,New Orleans Baptist Theological Seminary,20,26,,42,27,30,38,35,
440396,New Saint Andrews College,37,29,34,32,24,,40,38,
366368,New York Academy of Art,,,,,,,,,
193751,New York Chiropractic College,,,,,,,,,
418126,New York College of Health Professions,0,0,0,0,0,0,0,0,
194073,New York College of Podiatric Medicine,,,,,,,,,
439783,New York College of Traditional Chinese Medicine,,,,,,,,,
194091,New York Institute of Technology,844,851,679,698,672,771,849,821,
193821,New York Law School,,,,,,,,,
193830,New York Medical College,,,,,,,,,
194116,New York School of Interior Design,7,5,6,1,5,9,7,11,
193894,New York Theological Seminary,,,,,,,,,
193900,New York University,6090,5975,6061,5875,5573,5593,5119,3845,
218414,Newberry College,374,353,285,267,277,237,220,282,
167251,Newbury College,,170,216,227,237,254,268,290,
155335,Newman University,180,201,171,157,174,164,190,170,
193973,Niagara University,511,588,619,640,614,698,638,630,
167260,Nichols College,352,374,350,325,399,377,330,393,
461795,North American University,57,50,94,111,87,80,124,118,
199209,North Carolina Wesleyan College,386,329,318,318,314,218,221,191,
147660,North Central College,550,603,589,599,576,529,552,571,
174437,North Central University,220,201,218,220,215,246,269,259,
218441,North Greenville University,497,530,466,528,583,503,521,538,
147679,North Park University,421,388,378,358,403,371,346,423,
439817,Northeastern Seminary,,,,,,,,,
167358,Northeastern University,2743,3107,2675,2793,2943,2889,2663,3074,
147697,Northern Baptist Theological Seminary,,,,,,,,,
239512,Northland College,145,188,168,128,150,140,182,146,
239503,Northland International University,,,,,,40,33,66,
217606,Northpoint Bible College,44,57,43,58,45,42,33,49,
443030,NorthShore University HealthSystem School of Nurse Anesthesia,,,,,,,,,
460941,Northwest Institute of Literary Arts,,,,,,,,,
142461,Northwest Nazarene University,278,270,224,249,274,247,242,255,
236133,Northwest University,219,188,197,203,183,201,211,175,
154101,Northwestern College,271,281,281,260,315,284,302,324,
174507,Northwestern Health Sciences University,0,0,0,0,0,2,0,6,
120166,Northwestern Polytechnic University,0,,,,,,47,64,
147767,Northwestern University,1929,1902,1984,2016,2041,2038,2037,2106,
171492,Northwood University,259,262,322,335,338,295,323,321,
136206,Northwood University-Florida,,,,,,123,105,93,
227243,Northwood University-Texas,,,,,1,86,164,81,
230995,Norwich University,677,681,797,594,657,571,571,604,
204468,Notre Dame College,297,303,285,338,335,329,385,394,
120184,Notre Dame de Namur University,179,169,156,172,175,172,182,176,
163578,Notre Dame of Maryland University,225,154,93,93,107,104,128,138,
160029,Notre Dame Seminary Graduate School of Theology,,,,,,,,,
136215,Nova Southeastern University,1241,976,647,633,564,614,599,674,
194161,Nyack College,135,156,174,201,191,216,235,256,
221254,O'More College of Design,,,27,33,21,23,30,21,
174525,Oak Hills Christian College,16,17,13,18,23,21,27,24,
152099,Oakland City University,108,97,86,84,73,93,100,91,
101912,Oakwood University,316,366,390,337,374,364,386,386,
204501,Oberlin College,804,723,762,775,797,773,759,734,
227289,Oblate School of Theology,,,,,,,,,
120254,Occidental College,565,564,502,517,546,548,530,537,
140696,Oglethorpe University,330,332,331,322,276,283,277,262,
201964,Ohio Christian University,127,141,165,135,140,153,145,298,
204547,Ohio College of Podiatric Medicine,,,,,,,,,
204617,Ohio Dominican University,255,239,227,248,226,237,266,308,
206002,Ohio Mid-Western College,,,,,,17,45,42,
204635,Ohio Northern University,681,640,598,585,628,613,630,686,
237640,Ohio Valley University,79,128,108,87,69,82,100,147,
204909,Ohio Wesleyan University,449,448,486,429,458,536,537,483,
194189,Ohr Hameir Theological Seminary,0,3,3,5,8,1,4,8,
207403,Oklahoma Baptist University,527,554,565,555,483,576,505,475,
207324,Oklahoma Christian University,454,507,445,437,500,526,395,404,
207458,Oklahoma City University,373,295,329,320,294,349,318,332,
206835,Oklahoma Wesleyan University,185,200,221,177,177,177,139,133,
171599,Olivet College,301,320,350,237,222,276,297,217,
147828,Olivet Nazarene University,692,750,704,731,779,753,667,706,
461120,Omega Graduate School,,,,,,,,,
207582,Oral Roberts University,543,611,474,430,400,386,463,396,
209533,Oregon College of Art and Craft,,13,26,16,26,20,19,22,
369659,Oregon College of Oriental Medicine,,,,,,,,,
120403,Otis College of Art and Design,276,203,203,188,238,160,183,185,
442897,Ottawa University-Jeffersonville,,,,,,0,,,
155636,Ottawa University-Kansas City,,,,,,0,,0,
428259,Ottawa University-Milwaukee,,,,,,0,,0,
454582,Ottawa University-Online,,0,,,,0,,0,
155627,Ottawa University-Ottawa,235,202,176,160,172,144,154,167,
105367,Ottawa University-Phoenix,,,,,,0,,0,
204936,Otterbein University,576,603,646,559,560,568,559,633,
107512,Ouachita Baptist University,427,445,395,412,420,393,363,459,
227331,Our Lady of the Lake University,373,337,213,306,357,335,316,245,
178679,Ozark Christian College,132,106,115,139,133,126,136,129,
194310,Pace University,1976,1999,1973,2052,1938,1758,1812,1560,
120740,Pacific Lutheran Theological Seminary,,,,,,,,,
236230,Pacific Lutheran University,649,619,678,557,574,649,633,731,
209603,Pacific Northwest College of Art,127,81,79,70,73,60,77,75,
455406,Pacific Northwest University of Health Sciences,,,,,,,,,
120768,Pacific Oaks College,0,0,,,,,,,
457484,Pacific Rim Christian University,9,10,7,9,3,7,20,15,
120795,Pacific School of Religion,,,,,,,,,
120838,Pacific States University,0,0,2,1,1,0,1,1,
120865,Pacific Union College,106,137,168,171,212,239,188,266,
209612,Pacific University,421,424,431,479,459,419,460,374,
140720,Paine College,201,90,101,125,202,234,173,183,
136330,Palm Beach Atlantic University,520,533,499,547,523,578,439,475,
154174,Palmer College of Chiropractic,,0,0,2,0,0,0,0,
120698,Palo Alto University,,,,,,,,,
121628,Pardee RAND Graduate School,,,,,,,,,
178721,Park University,206,225,142,141,150,156,168,173,
243823,Parker University,127,51,35,5,9,0,0,,
121071,Patten University,,,,,,,,,
227429,Paul Quinn College,122,105,103,164,88,56,49,55,
194392,Paul Smiths College of Arts and Science,152,173,189,201,178,174,201,235,
204990,Payne Theological Seminary,,,,,,,,,
214883,Peirce College,2,0,1,2,2,2,8,1,
214971,Pennsylvania Academy of the Fine Arts,33,37,38,37,21,14,9,21,
215053,Pennsylvania College of Art and Design,54,71,75,69,59,51,62,61,
442356,Pennsylvania College of Health Sciences,13,20,11,0,1,1,1,0,
219842,Pentecostal Theological Seminary,,,,,,,,,
121150,Pepperdine University,799,861,743,744,655,783,787,688,
199306,Pfeiffer University,306,277,178,160,200,231,214,190,
215123,Philadelphia College of Osteopathic Medicine,,,,,,,,,
107600,Philander Smith College,294,328,280,170,110,134,162,188,
110307,Phillips Graduate University,,,,,,,,,
414966,Phillips Theological Seminary,,,,,,,,,
381459,Phoenix Seminary,,,,,,,,,
199315,Piedmont International University,,,,,23,29,31,36,
140818,Piedmont University,252,290,273,278,269,232,208,232,
440794,Pillar College,35,24,24,25,26,36,42,11,
458159,Pinchot University,,,,,,,,,
167455,Pine Manor College,62,74,93,97,122,61,77,67,
215424,Pittsburgh Theological Seminary,,,,,,,,,
121257,Pitzer College,272,262,268,267,267,263,261,278,
121309,Point Loma Nazarene University,657,618,594,598,587,645,600,531,
215442,Point Park University,603,633,605,588,629,539,516,486,
138868,Point University,243,266,319,263,267,190,254,131,
194541,Polytechnic Institute of New York University,,,,,,,414,410,
456481,Polytechnic University of Puerto Rico-Miami,1,1,1,1,1,2,3,0,
456490,Polytechnic University of Puerto Rico-Orlando,6,1,2,2,1,1,2,1,
121345,Pomona College,412,411,411,400,450,396,399,394,
205027,Pontifical College Josephinum,12,11,13,16,19,12,19,3,
131405,Pontifical Faculty of the Immaculate Conception at the Dominican House of Studies,,,,,,,,,
455813,Pontifical John Paul II Institute for Studies on Marriage and Family,,,,,,,,,
167464,Pope St John XXIII National Seminary,,,,,,,,,
194578,Pratt Institute-Main,805,777,789,782,707,679,686,642,
218539,Presbyterian College,310,276,287,262,275,296,282,359,
105589,Prescott College,44,64,47,35,40,40,64,62,
219295,Presentation College,97,108,133,106,101,121,97,90,
186122,Princeton Theological Seminary,,,,,,,,,
186131,Princeton University,1338,1305,1305,1317,1310,1284,1357,1298,
148016,Principia College,100,84,112,79,121,125,111,103,
455770,Providence Christian College,35,31,54,64,22,20,11,15,
217402,Providence College,1121,1063,1056,1033,1030,1027,998,982,
199412,Queens University of Charlotte,367,383,278,281,287,315,356,357,
148131,Quincy University,261,234,287,278,214,275,262,276,
130226,Quinnipiac University,1895,1963,1903,1901,1651,1795,1780,1511,
384421,Rabbi Jacob Joseph School,6,28,24,25,19,32,29,21,
194657,Rabbinical Academy Mesivta Rabbi Chaim Berlin,39,26,38,31,29,44,36,42,
194693,Rabbinical College Beth Shraga,16,12,23,21,20,14,15,22,
194666,Rabbinical College Bobover Yeshiva Bnei Zion,69,70,49,57,45,36,43,50,
186186,Rabbinical College of America,54,61,40,42,37,19,25,29,
194675,Rabbinical College of Ch'san Sofer New York,,,,,12,6,1,1,
194736,Rabbinical College of Long Island,44,41,41,36,0,0,0,0,
405854,Rabbinical College of Ohr Shimon Yisroel,12,21,18,19,12,15,12,12,
205124,Rabbinical College Telshe,19,11,14,8,12,13,14,10,
194718,Rabbinical Seminary Mkor Chaim,,,,,,,9,9,
194763,Rabbinical Seminary of America,76,101,75,90,107,107,91,101,
231837,Radford University-Carilion,,52,40,54,65,51,72,62,
207157,Randall University,77,73,59,78,47,40,53,52,
233301,Randolph College,166,202,187,184,191,216,180,177,
233295,Randolph-Macon College,420,374,396,404,427,382,411,410,
178891,Ranken Technical College,9,18,4,0,3,517,474,513,
215619,Reconstructionist Rabbinical College,,,,,,,,,
209922,Reed College,363,407,354,419,346,354,320,372,
215628,Reformed Presbyterian Theological Seminary,,,,,0,0,0,,
231651,Regent University,312,275,267,290,200,213,198,185,
167598,Regis College,229,272,235,263,249,266,276,262,
127918,Regis University,508,540,486,545,481,389,474,514,
140872,Reinhardt University,342,334,329,272,310,324,341,226,
475033,Relay Graduate School of Education,,,,,,,,,
457183,Remington College of Nursing Orlando,,,,,,,,,
460783,Remington College-Heathrow Campus,29,23,23,30,34,29,40,19,
372958,Remington College-Honolulu Campus,0,8,8,0,2,10,0,5,
135939,Remington College-Tampa Campus,,,,,1,1,0,0,
129428,Rensselaer at Hartford,,,,,,,,,
194824,Rensselaer Polytechnic Institute,1778,1663,1691,1379,1331,1411,1326,1186,
149763,Resurrection University,,,,,,,,,
217493,Rhode Island School of Design,473,451,456,463,462,455,434,443,
221351,Rhodes College,543,512,507,562,507,545,553,543,
227757,Rice University,954,1044,975,965,938,975,928,995,
441104,Richmont Graduate University,,,,,,,,,
186283,Rider University,918,1008,869,861,999,909,919,939,
136774,Ringling College of Art and Design,426,364,355,305,268,257,312,286,
475185,Rio Grande Bible Institute,,,,9,13,3,6,7,
239628,Ripon College,267,233,213,216,211,238,204,227,
183211,Rivier University,265,265,280,183,172,213,218,196,
233426,Roanoke College,575,556,508,506,562,541,543,533,
215655,Robert Morris University,814,868,880,865,858,988,848,782,
148335,Robert Morris University Illinois,398,424,548,629,725,696,756,852,
194958,Roberts Wesleyan College,228,219,226,236,255,203,210,236,
195003,Rochester Institute of Technology,2693,2610,2423,2716,2504,2551,2498,2428,
170967,Rochester University,136,157,128,154,155,150,134,145,
195049,Rockefeller University,,,,,,,,,
148405,Rockford University,158,151,159,165,147,103,105,122,
179043,Rockhurst University,402,430,402,318,398,437,446,326,
180595,Rocky Mountain College,252,245,215,239,227,238,262,227,
217518,Roger Williams University,1040,1135,1211,1023,1149,1102,997,1171,
409616,Roger Williams University School of Law,,,,,,,,,
136950,Rollins College,549,530,538,493,540,476,518,555,
148487,Roosevelt University,323,360,336,357,600,429,535,435,
145558,Rosalind Franklin University of Medicine and Science,,,,,,,,,
152318,Rose-Hulman Institute of Technology,499,556,543,545,582,559,616,504,
445735,Roseman University of Health Sciences,,,,,,,,,
215691,Rosemont College,91,142,157,134,126,112,75,107,
148511,Rush University,,,,,,,,,
195128,Russell Sage College,369,201,205,262,283,295,282,306,
176318,Rust College,251,228,225,242,284,267,271,238,
172033,Sacred Heart Major Seminary,3,3,4,4,2,1,2,3,
239637,Sacred Heart Seminary and School of Theology,,,,,,,,,
130253,Sacred Heart University,1463,1387,1322,1290,1385,1267,865,980,
154235,Saint Ambrose University,505,546,453,445,522,561,581,551,
183239,Saint Anselm College,591,546,517,528,523,508,527,549,
149028,Saint Anthony College of Nursing,0,0,0,1,,,,,
148876,Saint Augustine College,0,1,1,0,0,0,0,1,
199582,Saint Augustine's University,211,332,353,210,267,323,400,461,
157632,Saint Catharine College,,,,,122,75,126,111,
216047,Saint Charles Borromeo Seminary-Overbrook,12,8,17,16,12,10,6,9,
227845,Saint Edward's University,802,790,863,873,810,791,777,780,
186618,Saint Elizabeth University,182,164,167,101,141,124,146,179,
148575,Saint Francis Medical Center College of Nursing,,,,,,,,,
215743,Saint Francis University,337,347,348,399,390,398,400,417,
195720,Saint John Fisher College,601,626,576,552,597,521,578,553,
167677,Saint John's Seminary,,0,,0,0,0,0,0,
174792,Saint Johns University,398,465,461,451,450,497,449,494,
160409,Saint Joseph Seminary College,22,15,28,17,15,9,9,9,
161518,Saint Joseph's College of Maine,284,254,266,277,263,304,258,259,
215770,Saint Joseph's University,1127,1074,1262,1172,1341,1269,1229,1133,
152363,Saint Josephs College,,,,249,216,273,235,259,
195571,Saint Josephs Seminary and College,,,,,,,,,
137032,Saint Leo University,543,535,609,656,613,639,632,543,
179256,Saint Louis Christian College,6,1,14,14,11,19,16,25,
179159,Saint Louis University,1509,1632,1556,1622,1611,1638,1670,1752,
179450,Saint Luke's College of Health Sciences,6,0,,,,,,,
236452,Saint Martin's University,237,275,237,179,153,158,228,231,
152390,Saint Mary's College,403,362,432,419,378,437,417,393,
123554,Saint Mary's College of California,626,646,562,650,580,622,623,641,
174817,Saint Mary's University of Minnesota,306,300,283,277,334,307,328,373,
152381,Saint Mary-of-the-Woods College,163,132,79,66,86,61,69,69,
152451,Saint Meinrad School of Theology,,,,,,,,,
231059,Saint Michael's College,448,408,458,463,574,506,544,542,
239716,Saint Norbert College,620,526,583,601,536,539,584,575,
179317,Saint Paul School of Theology,,,,,,,,,
233499,Saint Pauls College,,,,,,,,107,
186432,Saint Peter's University,562,651,626,567,582,607,390,417,
215798,Saint Vincent College,417,456,390,444,449,472,339,409,
136701,Saint Vincent de Paul Regional Seminary,,,,,,,,,
215813,Saint Vincent Seminary,,,,,,,,,
195580,Saint Vladimirs Orthodox Theological Seminary,,,,,,,,,
148627,Saint Xavier University,703,600,616,620,563,591,473,582,
199607,Salem College,100,160,204,184,200,180,172,180,
180647,Salish Kootenai College,20,19,31,11,14,16,16,27,
214564,Salus University,,,,,,,,,
217536,Salve Regina University,493,590,548,556,623,463,544,547,
102049,Samford University,958,857,916,826,728,755,701,684,
122296,Samuel Merritt University,,,,,,,,,
112084,San Diego Christian College,63,69,57,90,103,91,82,84,
122454,San Francisco Art Institute,52,51,61,85,79,72,81,87,
122506,San Francisco Conservatory of Music,61,61,54,34,41,33,37,39,
122649,San Joaquin College of Law,,,,,,,,,
200244,Sanford College of Nursing,,,,,,,,,
122931,Santa Clara University,1390,1403,1316,1260,1318,1291,1276,1281,
195304,Sarah Lawrence College,425,393,377,353,356,427,344,374,
140951,Savannah College of Art and Design,2594,2274,2138,1934,1726,1595,1664,1719,
123095,Saybrook University,,,,,,,,,
143048,School of the Art Institute of Chicago,626,644,624,567,592,566,554,440,
166984,School of the Museum of Fine Arts at Tufts University,,,,,51,54,82,72,
228042,Schreiner University,359,341,302,288,273,299,272,275,
123165,Scripps College,252,327,270,277,248,272,235,257,
236577,Seattle Pacific University,707,642,683,674,683,765,784,760,
236595,Seattle University,1074,948,978,992,921,958,901,870,
102058,Selma University,49,46,49,103,132,190,119,120,
195429,Seminary of the Immaculate Conception,,,,,,,,,
232885,Sentara College of Health Sciences,,,,,,,,,
186584,Seton Hall University,1524,1458,1240,1403,1263,1338,1455,986,
215947,Seton Hill University,380,424,363,389,333,380,337,355,
195438,Sh'or Yoshuv Rabbinical College,1,3,2,7,22,10,8,11,
123280,Shasta Bible College and Graduate School,2,1,6,3,2,6,5,4,
199643,Shaw University,390,489,640,399,460,534,495,522,
233541,Shenandoah University,443,438,455,446,417,418,457,343,
461485,Shepherds Theological Seminary,,,,,,,0,0,
218751,Sherman College of Chiropractic,,,,,,,,,
480499,Shiloh University,0,0,0,0,,0,,0,
148849,Shimer College,,,,11,11,8,7,14,
140988,Shorter University,321,263,317,259,291,307,277,373,
448309,Shorter University-College of Adult & Professional Programs,,0,4,2,14,10,1,17,
195474,Siena College,745,775,762,753,709,764,733,782,
172264,Siena Heights University,290,277,291,304,272,300,274,301,
182458,Sierra Nevada University,80,71,93,88,113,91,70,101,
461759,Simmons College of Kentucky,55,47,22,18,20,0,0,0,
167783,Simmons University,393,400,454,471,303,338,400,344,
154350,Simpson College,360,296,348,322,344,373,408,332,
123457,Simpson University,86,99,117,88,126,149,147,138,
219374,Sinte Gleska University,2,2,2,3,23,6,12,9,
219240,Sioux Falls Seminary,,,,,,,,,
231068,SIT Graduate Institute,,,,,,,,,
195526,Skidmore College,677,661,714,684,724,660,647,663,
167835,Smith College,613,638,654,609,616,643,651,694,
110778,Sofia University,0,,,,,,,,
163921,Sojourner-Douglass College,,,,,,11,92,93,
399911,Soka University of America,111,107,104,127,99,112,103,110,
123633,South Baylo University,,,,,,,,,
366003,South Florida Bible College and Theological Seminary,4,8,9,5,5,1,2,2,
228194,South Texas College of Law Houston,,,,,,,,,
176336,Southeastern Baptist College,2,2,2,2,5,1,2,4,
102261,Southeastern Bible College,,,,9,11,11,14,11,
137564,Southeastern University,1029,800,1005,878,841,841,562,459,
221661,Southern Adventist University,421,466,412,428,443,368,382,404,
123952,Southern California Institute of Architecture,28,31,21,31,34,32,32,6,
117575,Southern California Seminary,1,0,4,0,1,2,3,0,
117672,Southern California University of Health Sciences,0,0,0,0,0,,,,
221670,Southern College of Optometry,,,,,,,,,
228246,Southern Methodist University,1526,1421,1521,1370,1455,1428,1425,1382,
206862,Southern Nazarene University,290,267,267,283,270,283,275,250,
183026,Southern New Hampshire University,1985,1539,1475,1666,1542,1175,782,729,
231086,Southern Vermont College,,84,76,103,90,92,113,108,
233611,Southern Virginia University,208,185,195,143,140,110,129,191,
217776,Southern Wesleyan University,206,197,177,187,185,152,157,121,
179326,Southwest Baptist University,436,453,422,436,463,455,519,443,
420246,Southwest College of Naturopathic Medicine & Health Sciences,,,,,,,,,
228468,Southwestern Adventist University,127,128,134,147,164,167,116,127,
228325,Southwestern Assemblies of God University,172,188,194,151,189,203,218,261,
228486,Southwestern Christian College,0,8,5,4,2,2,2,4,
207856,Southwestern Christian University,132,130,159,110,126,155,95,118,
155900,Southwestern College,185,188,182,89,123,128,148,160,
188207,Southwestern College,,,,,,,,,
123970,Southwestern Law School,,,,,,,,,
228343,Southwestern University,441,362,381,359,382,491,356,344,
157757,Spalding University,180,164,151,179,171,182,171,152,
141060,Spelman College,571,545,531,564,550,558,520,529,
148982,Spertus College,,,,,,,,,
172334,Spring Arbor University,192,269,305,290,337,366,313,401,
102234,Spring Hill College,309,395,392,416,362,431,295,335,
167899,Springfield College,527,655,541,546,562,510,541,582,
475273,Springfield College-Regional  Online  and Continuing Education,,,,,,,,,
195155,St Bernard's School of Theology and Ministry,,,,,,,,,
195164,St Bonaventure University,551,439,432,390,435,438,486,489,
175005,St Catherine University,398,387,410,398,415,368,402,370,
195173,St Francis College,561,435,502,533,510,566,691,453,
123855,St John's Seminary,,,,,,,,,
195216,St Lawrence University,640,695,565,679,600,629,641,645,
461069,St Luke University,,,,,,,,,
163842,St Mary's Seminary & University,,,,,,,,,
174844,St Olaf College,807,784,824,763,765,752,864,739,
130448,St Vincent's College,,,0,0,0,0,0,4,
199698,St. Andrews University,187,187,224,144,152,178,97,97,
207689,St. Gregory's University,,,,81,102,108,87,86,
137272,St. John Vianney College Seminary,8,7,6,5,5,11,11,6,
163976,St. John's College,121,122,127,102,116,122,118,148,
245652,St. John's College,71,70,67,75,74,82,98,98,
148593,St. John's College-Department of Nursing,,,,,,,,,
195809,St. John's University-New York,3052,2943,3229,3236,2774,2773,2757,2733,
195544,St. Joseph's College-New York,200,170,195,507,496,544,577,647,
228149,St. Mary's University,638,643,586,589,469,596,584,639,
195243,St. Thomas Aquinas College,270,246,254,272,232,332,270,302,
137476,St. Thomas University,206,229,197,194,162,194,207,206,
243744,Stanford University,1696,1700,1738,1719,1677,1674,1762,1704,
123916,Starr King School for the Ministry,,,,,,,,,
179548,Stephens College,117,129,160,190,184,168,137,162,
155937,Sterling College,152,218,128,140,188,169,139,140,
231095,Sterling College,18,28,27,24,21,17,16,20,
137546,Stetson University,894,864,809,982,771,852,816,715,
186867,Stevens Institute of Technology,1007,761,734,685,734,622,614,559,
164173,Stevenson University,603,682,783,733,689,752,860,866,
102270,Stillman College,144,118,125,239,266,163,276,287,
167996,Stonehill College,650,667,732,656,609,609,814,567,
168005,Suffolk University,1226,1058,1177,1324,1076,1159,1239,1230,
447953,SUM Bible College and Theological Seminary,79,79,80,90,130,64,86,74,
181543,Summit Christian College,2,2,2,2,3,3,13,5,
216278,Susquehanna University,619,633,636,666,573,588,631,598,
216287,Swarthmore College,414,392,414,407,407,388,378,386,
233718,Sweet Briar College,110,79,134,24,154,197,176,194,
196413,Syracuse University,3592,3638,3700,3478,3460,3475,3381,3398,
155973,Tabor College,163,136,136,150,159,159,140,151,
102298,Talladega College,275,157,25,320,282,256,207,184,
137777,Talmudic College of Florida,8,10,10,19,4,4,5,18,
186900,Talmudical Academy-New Jersey,4,10,0,17,6,18,12,8,
196440,Talmudical Institute of Upstate New York,0,6,1,0,5,7,4,3,
451404,Talmudical Seminary of Bobov,102,79,104,78,77,68,32,42,
196431,Talmudical Seminary Oholei Torah,27,43,31,44,56,49,71,74,
216311,Talmudical Yeshiva of Philadelphia,36,38,37,36,36,38,34,38,
152530,Taylor University,531,448,472,519,433,459,498,461,
196468,Teachers College at Columbia University,,,,,,,,,
149329,Telshe Yeshiva-Chicago,26,13,20,21,18,18,18,22,
221856,Tennessee Temple University,,,,,,85,30,60,
221731,Tennessee Wesleyan University,188,203,197,212,191,208,218,206,
228866,Texas Chiropractic College Foundation Inc,,,,,,,,,
228875,Texas Christian University,2187,1949,1887,2074,1888,1933,1849,1867,
228884,Texas College,274,246,264,139,173,240,146,212,
228981,Texas Lutheran University,364,416,377,395,309,346,355,398,
229160,Texas Wesleyan University,298,306,301,365,310,266,278,162,
132408,The Baptist College of Florida,25,37,32,39,34,43,42,48,
164933,The Boston Conservatory,,,,,120,133,137,148,
131283,The Catholic University of America,833,830,723,904,830,836,880,901,
455433,The Chicago School of Professional Psychology at Anaheim,,,,,,,,,
143978,The Chicago School of Professional Psychology at Chicago,,,,,,,,,
455664,The Chicago School of Professional Psychology at Los Angeles,0,0,0,0,,,,,
459745,The Chicago School of Professional Psychology at Washington DC,,,,,,,,,
455682,The Chicago School of Professional Psychology at Westwood,,,,,,,,,
142294,The College of Idaho,283,262,237,201,274,291,283,233,
193645,The College of New Rochelle,,269,446,350,396,472,543,561,
195234,The College of Saint Rose,615,576,641,631,533,619,590,595,
174899,The College of Saint Scholastica,397,482,448,439,460,431,477,487,
420352,The College of Saints John Fisher & Thomas More,,,,,,,,,
206589,The College of Wooster,569,568,543,566,547,560,573,571,
431248,The Colorado Center for Medical Laboratory Science,,,,,,,,,
191320,The General Theological Seminary,,,,,,,,,
146241,The John Marshall Law School,,,,,,,,,
192110,The Juilliard School,121,110,113,109,129,109,108,101,
454184,The King's College,143,149,161,149,142,125,202,162,
439701,The King's University,16,15,15,16,23,25,21,11,
117751,The Master's University and Seminary,148,160,172,201,194,188,208,229,
167057,The New England Conservatory of Music,108,108,120,86,73,93,99,87,
193654,The New School,1758,1513,1552,1260,1109,994,1044,1006,
448804,The Robert B Miller College,,,,,,,,,
475228,The Santa Barbara and Ventura Colleges of Law at Santa Barbara,,,,,,,,,
125037,The Santa Barbara and Ventura Colleges of Law at Ventura,,,,,,,,,
104665,The School of Architecture,,,,,,,,,
441131,The Seattle School of Theology & Psychology,,,,,,,,,
157748,The Southern Baptist Theological Seminary,133,102,120,136,93,96,66,45,
475237,The University of America,,,,,,,0,,
202763,The University of Findlay,560,594,544,577,577,513,525,591,
137847,The University of Tampa,2154,2135,1903,1801,1752,1589,1514,1622,
215105,The University of the Arts,425,409,413,404,373,457,408,424,
221519,The University of the South,477,448,514,469,466,488,453,433,
125480,The University of West Los Angeles,,,,,,,,,
126012,The Wright Institute,,,,,,,,,
216348,Theological Seminary of the Reformed Episcopal Church,,,,,,,,,
216357,Thiel College,236,186,207,207,280,303,298,371,
124292,Thomas Aquinas College,121,90,87,79,89,88,84,92,
161563,Thomas College,241,222,268,255,211,245,243,216,
126049,Thomas Jefferson School of Law,,,,,,,,,
216366,Thomas Jefferson University,561,481,,,,,,,
183275,Thomas More College of Liberal Arts,24,13,22,10,21,14,23,23,
157809,Thomas More University,484,349,413,274,276,264,261,255,
141167,Thomas University,75,76,96,88,82,70,102,88,
103778,Thunderbird School of Global Management,,,,,,,,,
206048,Tiffin University,465,445,442,478,493,450,447,420,
141185,Toccoa Falls College,213,213,207,139,160,163,173,165,
196583,Torah Temimah Talmudical Seminary,3,21,16,21,36,53,52,60,
176406,Tougaloo College,152,195,201,154,169,153,243,204,
196592,Touro College,439,393,404,391,205,200,245,178,
459736,Touro University California,,,,,,,,,
459824,Touro University Nevada,,,,,,,,,
459727,Touro University Worldwide,21,26,18,13,3,6,6,5,
157818,Transylvania University,298,282,242,309,261,289,331,241,
221892,Trevecca Nazarene University,336,380,360,321,298,234,234,262,
206154,Tri-State Bible College,0,0,0,0,0,2,1,4,
152567,Trine University,641,602,461,470,523,372,468,422,
414878,Trine University-Regional/Non-Traditional Campuses,2,1,2,2,5,2,4,9,
137953,Trinity Baptist College,71,56,74,91,80,75,53,38,
200484,Trinity Bible College and Graduate School,33,42,47,34,53,43,40,46,
149505,Trinity Christian College,153,190,160,190,190,203,187,234,
130590,Trinity College,579,580,572,559,611,602,591,590,
137962,Trinity College of Florida,31,30,26,33,31,24,28,29,
146755,Trinity College of Nursing & Health Sciences,0,0,0,1,0,0,0,1,
216463,Trinity Episcopal School for Ministry,,,,,,,,,
135610,Trinity International University-Florida,2,0,0,0,0,,,4,
149514,Trinity International University-Illinois,154,138,147,148,162,182,157,157,
123448,Trinity Law School,,,,,,,,,
235769,Trinity Lutheran College,,,,,52,48,43,20,
206215,Trinity Lutheran Seminary,,,,,,,,,
229267,Trinity University,690,642,660,602,654,534,595,636,
131876,Trinity Washington University,212,259,221,217,283,265,252,266,
196653,Trocaire College,0,0,0,0,0,0,0,0,
141237,Truett McConnell University,283,206,218,207,207,187,189,172,
168148,Tufts University,1541,1410,1336,1357,1347,1307,1306,1315,
160755,Tulane University of Louisiana,1908,1904,1854,1719,1647,1608,1641,1642,
200527,Turtle Mountain Community College,9,15,12,19,20,18,22,16,
221953,Tusculum University,276,334,318,280,298,300,336,296,
102377,Tuskegee University,561,615,615,594,634,645,649,816,
246789,Unification Theological Seminary,,,,,,5,0,,
157863,Union College,221,248,263,212,239,239,212,193,
181738,Union College,132,138,137,153,130,169,145,147,
196866,Union College,571,570,559,568,570,559,591,572,
446932,Union Graduate College,,,,,,,,,
206279,Union Institute & University,1,2,8,6,0,12,9,13,
233842,Union Presbyterian Seminary,,,,,,,,,
196884,Union Theological Seminary in the City of New York,,,,,,,,,
221971,Union University,376,337,334,338,288,366,356,370,
213631,United Lutheran Seminary,,,,,,,,,
102395,United States Sports Academy,,,,,,,,,
197018,United Talmudical Seminary,449,418,464,467,512,511,434,355,
206288,United Theological Seminary,,,,,,,,,
175139,United Theological Seminary of the Twin Cities,,,,,,,,,
200554,United Tribes Technical College,0,0,4,11,35,15,23,25,
161572,Unity College,186,174,215,198,182,146,120,128,
128744,University of Bridgeport,523,549,482,406,531,537,588,392,
237312,University of Charleston,259,341,297,316,317,271,240,236,
144050,University of Chicago,1805,1730,1586,1537,1445,1426,1521,1411,
224323,University of Dallas,376,419,371,393,342,380,353,371,
202480,University of Dayton,2197,2225,1823,2144,2172,1783,2049,1953,
127060,University of Denver,1464,1483,1375,1415,1414,1399,1203,1230,
169716,University of Detroit Mercy,564,536,521,503,458,491,479,558,
153278,University of Dubuque,513,512,433,435,442,441,438,343,
150534,University of Evansville,498,442,537,514,532,543,518,622,
457402,University of Fort Lauderdale,0,0,0,0,0,0,0,,
129525,University of Hartford,1025,1094,1098,1215,977,1042,1278,1320,
179265,University of Health Sciences and Pharmacy in St. Louis,107,106,120,188,195,246,247,252,
160065,University of Holy Cross,70,67,87,69,60,54,59,48,
151263,University of Indianapolis,1203,1130,990,955,945,786,817,784,
200156,University of Jamestown,264,235,262,231,209,257,221,234,
117140,University of La Verne,670,601,556,717,561,560,614,501,
232609,University of Lynchburg,516,542,521,527,512,512,515,609,
200217,University of Mary,431,437,406,405,420,423,401,368,
226471,University of Mary Hardin-Baylor,872,751,746,725,706,672,626,628,
135726,University of Miami,2341,2185,2042,2057,2052,2113,1986,2139,
101693,University of Mobile,241,226,223,287,272,258,220,244,
199069,University of Mount Olive,253,276,275,276,284,200,237,241,
204185,University of Mount Union,624,538,641,539,635,552,647,618,
161457,University of New England,594,588,668,575,535,547,516,527,
182829,University of New Hampshire-Franklin Pierce School of Law,,,,,,,,,
129941,University of New Haven,1303,1408,1117,1233,1214,1156,1118,1275,
204486,University of Northwestern Ohio,84,72,67,120,84,91,105,98,
174491,University of Northwestern-St Paul,411,391,407,440,430,464,451,449,
152080,University of Notre Dame,2070,2050,2045,2003,2010,2066,2008,2018,
215062,University of Pennsylvania,2453,2407,2423,2370,2342,2348,2383,2393,
157535,University of Pikeville,289,279,328,313,351,384,368,481,
209825,University of Portland,1003,1001,961,941,1082,835,872,836,
180258,University of Providence,136,92,93,163,149,150,135,163,
236328,University of Puget Sound,653,589,674,652,663,670,631,685,
121691,University of Redlands,722,728,585,525,740,662,724,644,
122603,University of Redlands Graduate School of Theology,,,,,,,,,
233374,University of Richmond,831,798,815,806,814,804,781,781,
205203,University of Rio Grande,219,219,256,265,330,385,311,322,
195030,University of Rochester,1520,1544,1461,1400,1436,1472,1343,1273,
152336,University of Saint Francis-Fort Wayne,314,422,321,344,319,339,319,332,
130314,University of Saint Joseph,218,132,125,211,149,153,157,157,
155812,University of Saint Mary,134,143,122,135,107,104,116,103,
148885,University of Saint Mary of the Lake,,,,,,,,,
122436,University of San Diego,1306,1207,1133,1103,1129,1238,1072,1141,
122612,University of San Francisco,1541,1531,1583,1264,1499,1146,1352,1190,
215929,University of Scranton,940,902,1002,908,1062,878,961,1046,
219383,University of Sioux Falls,303,276,270,274,238,236,266,178,
123961,University of Southern California,3399,3358,3066,2948,3093,2920,3016,2929,
148584,University of St Francis,214,229,215,181,216,237,220,180,
174914,University of St Thomas,1639,1390,1348,1420,1408,1368,1446,1324,
227863,University of St Thomas,350,290,272,237,223,233,265,234,
156541,University of the Cumberlands,467,428,409,433,403,488,459,399,
225627,University of the Incarnate Word,816,712,728,868,911,997,1016,1023,
107558,University of the Ozarks,273,259,189,210,171,159,157,186,
120883,University of the Pacific,757,767,565,754,731,740,662,765,
215132,University of the Sciences,321,352,314,323,360,440,483,483,
188182,University of the Southwest,64,95,96,88,47,47,50,69,
449870,University of the West,16,44,20,6,28,19,25,3,
207971,University of Tulsa,802,739,713,710,761,850,797,613,
216542,University of Valley Forge,100,97,151,118,113,134,163,181,
210438,University of Western States,,,,,,,,,
154493,Upper Iowa University,173,217,211,246,355,239,241,211,
440004,Upper Valley Educators Institute,,,,,,,,,
206330,Urbana University,,79,79,94,114,228,152,152,
455099,Urshan Graduate School of Theology,,,,,,,,,
216524,Ursinus College,378,402,382,429,497,425,456,427,
206349,Ursuline College,96,78,106,114,92,102,89,78,
446604,Uta Mesivta of Kiryas Joel,359,315,282,295,286,305,227,299,
197045,Utica College,587,548,685,645,471,486,506,530,
152600,Valparaiso University,756,807,862,741,714,876,770,698,
221999,Vanderbilt University,1598,1605,1598,1603,1603,1611,1606,1598,
149639,VanderCook College of Music,13,15,21,20,25,15,24,21,
123651,Vanguard University of Southern California,459,432,408,371,313,390,435,397,
197133,Vassar College,685,624,658,667,661,655,657,669,
188340,Vaughn College of Aeronautics and Technology,145,88,77,75,71,73,86,66,
455992,Vermont College of Fine Arts,,,,,,,,,
231147,Vermont Law School,,,,,,,,,
197142,Villa Maria College,104,101,113,103,77,80,39,40,
216597,Villanova University,1684,1713,1676,1699,1668,1659,1640,1644,
233912,Virginia Intermont College,,,,,,,78,109,
234164,Virginia Union University,170,337,365,456,420,402,380,413,
234137,Virginia University of Lynchburg,7,9,8,13,16,70,77,40,
234173,Virginia Wesleyan University,354,423,368,348,406,452,435,439,
449764,Visible Music College,4,20,26,16,18,27,24,33,
240107,Viterbo University,292,287,311,280,315,303,304,358,
218919,Voorhees College,149,172,150,104,136,138,188,137,
446613,W L Bonner College,,,0,0,0,0,,5,
152673,Wabash College,274,231,215,237,256,241,252,293,
197197,Wagner College,415,430,439,415,441,430,426,470,
199847,Wake Forest University,1420,1347,1304,1284,1287,1230,1233,1236,
236896,Walla Walla University,402,332,386,359,364,385,394,360,
172608,Walsh College,,,,,,,,,
206437,Walsh University,453,462,439,439,447,492,494,512,
210304,Warner Pacific University,66,68,90,92,133,74,85,94,
480198,Warner Pacific University Professional and Graduate Studies,0,5,11,11,12,12,0,0,
138275,Warner University,197,253,178,204,173,171,195,133,
199865,Warren Wilson College,251,146,185,195,234,220,214,227,
154527,Wartburg College,466,448,443,364,463,449,482,508,
154536,Wartburg Theological Seminary,,,,,,,,,
216667,Washington & Jefferson College,351,339,429,389,399,326,376,387,
162210,Washington Adventist University,170,103,77,140,114,126,131,164,
234207,Washington and Lee University,474,471,466,454,471,480,479,493,
164207,Washington Bible College-Capital Bible Seminary,,,,,,,,11,
164216,Washington College,310,367,410,391,388,349,397,399,
164243,Washington Theological Union,,,,,,,,,
179867,Washington University in St Louis,1782,1770,1764,1721,1727,1595,1622,1476,
392840,Watkins College of Art Design & Film,28,30,43,43,49,53,45,73,
436377,Watson School of Biological Sciences at Cold Spring Harbor Laboratory,,,,,,,,,
229780,Wayland Baptist University,280,271,316,267,282,315,355,354,
216694,Waynesburg University,325,395,398,355,334,407,351,395,
197221,Webb Institute,25,26,28,26,24,26,22,20,
138293,Webber International University,187,173,177,181,149,205,141,141,
179894,Webster University,479,511,433,412,457,487,411,472,
190424,Weill Medical College of Cornell University,,,,,,,,,
220206,Welch College,49,36,52,44,51,40,60,54,
168218,Wellesley College,603,603,591,593,593,590,585,573,
197230,Wells College,147,137,132,168,163,161,197,137,
168227,Wentworth Institute of Technology,1017,966,960,963,1063,877,1026,974,
176451,Wesley Biblical Seminary,,,,,,,,,
131098,Wesley College,280,353,353,475,393,463,442,503,
131973,Wesley Theological Seminary,,,,,,,,,
141325,Wesleyan College,155,72,103,119,106,119,121,102,
130697,Wesleyan University,802,761,774,757,750,741,752,808,
237905,West Virginia University Hospital Departments of Rad Tech and Nutrition,,,,,,,0,15,
237969,West Virginia Wesleyan College,322,366,387,392,415,471,404,405,
433387,Western Governors University,206,0,0,149,91,52,52,56,
172477,Western Michigan University-Thomas M. Cooley Law School,,,,,,,,,
168254,Western New England University,750,767,722,719,755,680,793,751,
210368,Western Seminary,,,,,,,,,
172705,Western Theological Seminary,,,,,,,,,
112525,Western University of Health Sciences,,,,,,,,,
179946,Westminster College,173,174,222,236,212,257,259,254,
216807,Westminster College,348,332,371,299,278,300,316,360,
230807,Westminster College,426,355,420,447,471,434,472,496,
216816,Westminster Theological Seminary,,,,,,,,,
125718,Westminster Theological Seminary in California,,,,,,,,,
125727,Westmont College,343,353,343,334,374,275,325,330,
149781,Wheaton College,610,580,588,605,606,597,597,596,
168281,Wheaton College,495,502,528,417,423,458,466,437,
238078,Wheeling University,181,181,222,184,252,250,268,195,
168290,Wheelock College,,,157,216,266,215,198,232,
237057,Whitman College,426,389,405,364,395,392,381,399,
125763,Whittier College,508,519,424,443,388,440,404,419,
237066,Whitworth University,696,504,592,583,617,592,631,523,
475200,Whitworth University-Adult Degree Programs,,,,,,,,,
216852,Widener University,768,770,728,846,733,827,710,755,
402828,Widener University-Commonwealth Law School,,,,,,,,,
244190,Widener University-Delaware Law School,,,,,1,1,1,1,
206491,Wilberforce University,233,117,212,159,32,70,58,112,
229887,Wiley College,123,175,195,151,229,285,309,286,
216931,Wilkes University,631,580,659,581,557,584,589,539,
210401,Willamette University,389,440,473,521,552,545,525,617,
176479,William Carey University,161,173,179,181,160,179,173,144,
166717,William James College,,,,,,,,,
122728,William Jessup University,209,168,198,145,208,158,135,119,
179955,William Jewell College,167,198,241,245,265,259,305,270,
199272,William Peace University,212,203,196,214,214,311,232,131,
154590,William Penn University,281,264,229,307,336,252,256,276,
179964,William Woods University,177,190,189,184,200,193,195,180,
107877,Williams Baptist University,156,142,113,128,161,154,131,135,
168342,Williams College,533,548,553,551,546,544,547,545,
443340,Williamson Christian College,3,3,2,2,4,8,4,9,
206507,Wilmington College,385,305,310,277,383,274,274,280,
131113,Wilmington University,233,232,279,288,284,309,305,359,
217013,Wilson College,189,164,128,116,107,70,75,68,
206516,Winebrenner Theological Seminary,,,,,,,,,
199962,Wingate University,925,1071,625,664,584,642,548,535,
240338,Wisconsin Lutheran College,292,233,228,267,220,229,242,263,
240213,Wisconsin School of Professional Psychology,,,,,,,,,
206525,Wittenberg University,485,539,553,492,516,549,489,534,
218973,Wofford College,465,452,440,442,487,415,438,446,
442064,Won Institute of Graduate Studies,,,,,,,,,
125897,Woodbury University,179,115,135,117,142,96,177,118,
168421,Worcester Polytechnic Institute,1276,1124,1120,1093,1054,1103,948,1005,
141936,World Medicine Institute,,,,,,,,,
401223,World Mission University,9,2,3,1,5,2,3,4,
206622,Xavier University,1397,1237,1109,1148,1208,1283,1057,1112,
160904,Xavier University of Louisiana,746,715,760,684,579,674,659,784,
130794,Yale University,1573,1579,1367,1363,1360,1358,1355,1349,
130785,Yale-New Haven Hospital Dietetic Internship,,,,,,,,,
245731,Yeshiva and Kollel Harbotzas Torah,,,,,,,,,
434937,Yeshiva College of the Nations Capital,5,2,4,7,6,1,9,0,
420325,Yeshiva D'monsey Rabbinical College,17,19,10,4,6,8,6,8,
197647,Yeshiva Derech Chaim,25,22,11,22,11,27,21,26,
375230,Yeshiva Gedolah Imrei Yosef D'spinka,37,13,18,10,9,10,11,10,
247773,Yeshiva Gedolah of Greater Detroit,15,13,13,14,19,15,19,6,
476692,Yeshiva Gedolah Zichron Leyma,6,5,0,7,6,3,3,4,
197601,Yeshiva Karlin Stolin,28,23,13,20,20,16,24,6,
455257,Yeshiva of Machzikai Hadas,80,66,81,85,106,69,71,65,
197674,Yeshiva of Nitra Rabbinical College,53,44,64,56,83,69,83,67,
431983,Yeshiva of the Telshe Alumni,18,33,27,23,26,37,18,23,
126076,Yeshiva Ohr Elchonon Chabad West Coast Talmudical Seminary,60,45,50,61,54,46,48,37,
197692,Yeshiva Shaar Hatorah,30,22,26,30,16,24,29,26,
441609,Yeshiva Shaarei Torah of Rockland,0,0,0,0,0,1,2,1,
451398,Yeshiva Toras Chaim,52,57,56,59,57,54,60,39,
128425,Yeshiva Toras Chaim Talmudical Seminary,,,,,,7,6,8,
197708,Yeshiva University,531,574,532,534,454,495,521,489,
363712,Yeshivah Gedolah Rabbinical College,6,4,11,11,11,18,16,16,
451370,Yeshivas Be'er Yitzchok,7,7,5,9,10,8,3,0,
405058,Yeshivas Novominsk,52,43,41,42,49,42,49,31,
197610,Yeshivat Mikdash Melech,,,3,3,52,64,78,36,
217040,Yeshivath Beth Moshe,9,4,9,19,17,17,14,10,
197735,Yeshivath Viznitz,91,109,108,108,101,111,90,86,
197744,Yeshivath Zichron Moshe,10,10,8,12,11,12,17,18,
401250,Yo San University of Traditional Chinese Medicine,,,,,,,,,
181853,York College,113,132,97,110,85,91,84,116,
217059,York College of Pennsylvania,975,993,897,894,1087,1068,1135,1173,
141361,Young Harris College,309,265,324,346,448,419,386,319,